customer_id,total_orders,total_revenue,avg_order_value,total_quantity,unique_products,max_order_val,min_order_val,cancel_rate,anomaly_score,anomaly_label,raw_score
CUST0001,3,4451.7,890.3399999999999,7,5,1708.1,247.5,0.0,1,Normal,0.20435522743135287
CUST0002,1,629.1,629.1,1,1,629.1,629.1,0.0,1,Normal,0.0903603631649939
CUST0003,6,48090.3,3699.2538461538466,14,12,38999.0,172.8,0.16666666666666666,1,Normal,0.17630189982343586
CUST0004,8,17473.1,1344.0846153846153,21,12,5397.0,189.05,0.125,1,Normal,0.15528799198769033
CUST0005,3,3493.75,499.10714285714283,9,6,1709.1,21.0,0.3333333333333333,1,Normal,0.14769115980207798
CUST0006,4,3391.45,484.49285714285713,10,6,1124.25,239.2,0.25,1,Normal,0.1806286343548233
CUST0007,4,4656.2,582.025,8,8,1599.2,22.4,0.25,1,Normal,0.16413962754289124
CUST0008,5,64336.0,6433.6,19,9,31998.0,899.0,0.0,1,Normal,0.11205108395215041
CUST0009,8,23132.75,1779.4423076923076,15,13,15199.05,28.0,0.125,1,Normal,0.12453010645755447
CUST0010,3,8764.85,1252.1214285714286,10,6,3038.1,284.05,0.3333333333333333,1,Normal,0.17916865284638
CUST0011,4,7011.9,779.0999999999999,13,9,8097.3,179.1,0.0,1,Normal,0.2065387907559899
CUST0012,1,199.0,199.0,1,1,199.0,199.0,0.0,1,Normal,0.0757518042028994
CUST0013,14,171012.5,6333.7962962962965,38,23,91998.0,56.0,0.07142857142857142,-1,Anomaly,-0.11825243380995132
CUST0014,4,26065.1,2896.1222222222223,11,8,17099.1,199.0,0.25,1,Normal,0.19588145437581628
CUST0015,4,5271.1,1317.775,6,4,2849.05,182.4,0.0,1,Normal,0.19873689261922955
CUST0016,4,13892.0,2315.3333333333335,10,5,5598.0,1398.0,0.25,1,Normal,0.11622209869520872
CUST0017,9,55253.6,3069.644444444444,28,13,23398.2,359.1,0.1111111111111111,1,Normal,0.10375680840157175
CUST0018,3,6780.15,1356.03,6,5,3798.1,179.0,0.0,1,Normal,0.20933859466762234
CUST0019,5,91153.20000000001,7596.100000000001,20,10,74098.1,189.05,0.0,1,Normal,0.12344146683301743
CUST0020,4,10212.8,1458.9714285714285,10,6,3038.1,331.55,0.0,1,Normal,0.20738880736553694
CUST0021,3,92168.05,13166.864285714286,11,6,56997.0,28.0,0.0,1,Normal,0.0775803061321842
CUST0022,6,114061.25,9505.104166666666,15,11,45999.0,199.0,0.0,1,Normal,0.1233430460053151
CUST0023,8,17241.5,1149.4333333333334,22,13,6597.0,199.0,0.125,1,Normal,0.14352952779741074
CUST0024,6,22655.3,1618.2357142857143,25,12,5937.3,28.0,0.16666666666666666,1,Normal,0.11479796354987948
CUST0025,5,22941.6,2294.16,13,10,12349.05,28.0,0.2,1,Normal,0.1660983328290505
CUST0026,7,9789.75,889.9772727272727,15,10,2799.0,161.1,0.14285714285714285,1,Normal,0.18891286012889624
CUST0027,4,95237.3,10581.922222222223,13,8,82798.2,249.0,0.0,1,Normal,0.1253052842541718
CUST0028,5,44593.8,4954.866666666667,15,9,37047.15,53.2,0.2,1,Normal,0.16507991472226868
CUST0029,4,11485.2,1435.65,15,8,4797.0,28.0,0.25,1,Normal,0.17320848521648669
CUST0030,3,9255.65,1851.1299999999999,11,5,5607.45,593.3,0.3333333333333333,1,Normal,0.15583194966079988
CUST0031,5,18804.199999999997,2089.3555555555554,9,9,17099.1,28.0,0.0,1,Normal,0.16775292244744566
CUST0032,6,71015.04999999999,6455.913636363635,16,9,30398.1,189.05,0.0,1,Normal,0.1772666976708197
CUST0033,2,4316.4,2158.2,4,2,3418.2,898.2,0.0,1,Normal,0.13790440310356367
CUST0034,4,144301.25,18037.65625,16,8,116997.0,398.0,0.0,-1,Anomaly,-0.010845529364122641
CUST0035,6,45420.799999999996,3785.066666666666,16,12,39099.15,254.15,0.16666666666666666,1,Normal,0.17220872258429326
CUST0036,2,3074.0,1537.0,2,2,2799.0,275.0,0.0,1,Normal,0.1583585312809377
CUST0037,3,5396.0,1349.0,6,4,37049.05,1499.0,0.6666666666666666,1,Normal,0.0128628948347016
CUST0038,7,7833.35,870.3722222222223,13,9,2427.3,170.05,0.0,1,Normal,0.18970735289866741
CUST0039,5,25573.999999999996,2324.9090909090905,16,10,17099.1,50.4,0.0,1,Normal,0.16833435678659348
CUST0040,4,9260.4,1543.3999999999999,10,6,3998.0,269.1,0.25,1,Normal,0.19549750769700014
CUST0041,6,150136.44999999998,13648.76818181818,16,11,137997.0,379.05,0.16666666666666666,-1,Anomaly,-0.007057882054579578
CUST0042,7,13712.15,1054.7807692307692,18,11,2849.05,249.0,0.0,1,Normal,0.18169231822023563
CUST0043,5,99578.45,14225.492857142857,12,6,77998.0,499.0,0.2,1,Normal,0.046654340420371976
CUST0044,3,3822.0,955.5,7,4,2249.25,988.2,0.0,1,Normal,0.16279569179194808
CUST0045,5,10815.45,1802.575,10,6,3598.2,899.0,0.2,1,Normal,0.1496200491601129
CUST0046,5,9403.349999999999,1175.4187499999998,11,7,4798.4,143.2,0.0,1,Normal,0.2029546723813418
CUST0047,8,66787.55,5565.629166666667,18,12,37998.0,179.1,0.125,1,Normal,0.1502873586858242
CUST0048,4,41182.50000000001,5147.812500000001,12,7,37049.05,474.05,0.0,1,Normal,0.179776068054733
CUST0049,3,23302.25,4660.45,8,5,15999.0,349.0,0.6666666666666666,1,Normal,0.08931104796926365
CUST0050,5,50454.2,5045.42,16,8,38999.0,399.0,0.0,1,Normal,0.17681828181996684
CUST0051,4,97374.59999999999,19474.92,6,5,82798.2,629.1,0.25,-1,Anomaly,-0.004707135073377167
CUST0052,6,19414.35,1764.940909090909,14,11,11699.1,239.2,0.16666666666666666,1,Normal,0.1872661999192431
CUST0053,6,7613.65,1087.6642857142856,12,6,1899.05,75.6,0.0,1,Normal,0.18613357192569252
CUST0054,4,51676.3,7382.328571428572,9,7,43699.05,189.05,0.0,1,Normal,0.17807085239775294
CUST0055,8,80838.35,6736.529166666667,12,10,41399.1,179.0,0.0,1,Normal,0.14813133811824647
CUST0056,6,54214.35,6776.79375,11,8,47997.0,189.05,0.0,1,Normal,0.18140366648103906
CUST0057,6,16847.6,2105.95,13,7,7557.3,249.0,0.16666666666666666,1,Normal,0.18853718948778508
CUST0058,5,74300.9,12383.483333333332,10,6,70198.2,23.8,0.2,1,Normal,0.07308770259688213
CUST0059,5,10456.05,1045.605,12,9,2699.1,44.8,0.4,1,Normal,0.1526722756850883
CUST0060,7,106636.5,10663.65,13,9,38999.0,28.0,0.0,1,Normal,0.106604646452512
CUST0061,3,5797.85,1159.5700000000002,5,5,2519.1,449.1,0.0,1,Normal,0.19541237554642144
CUST0062,5,8755.25,1094.40625,11,8,4398.0,199.0,0.2,1,Normal,0.20296158845104267
CUST0063,5,39276.9,3570.627272727273,16,11,18999.0,28.0,0.2,1,Normal,0.15232624298045372
CUST0064,9,39926.5,2495.40625,25,13,18999.0,189.05,0.1111111111111111,1,Normal,0.12707585169711322
CUST0065,5,8643.05,1080.38125,10,7,3038.1,236.55,0.0,1,Normal,0.21093323999272118
CUST0066,1,2341.75,1170.875,5,2,2037.45,304.3,0.0,1,Normal,0.14450447305403835
CUST0067,6,5139.2,856.5333333333333,6,6,1899.0,199.0,0.3333333333333333,1,Normal,0.1680150162313791
CUST0068,6,32404.2,3600.4666666666667,13,8,15999.0,28.0,0.3333333333333333,1,Normal,0.15551530161752175
CUST0069,2,8009.55,2002.3875,6,3,3398.3,23.8,0.0,1,Normal,0.14761940972439042
CUST0070,6,100337.4,8361.449999999999,18,11,77998.0,236.55,0.16666666666666666,1,Normal,0.11106871721460637
CUST0071,3,19280.1,3856.0199999999995,5,5,15999.0,499.0,0.0,1,Normal,0.15797789560982672
CUST0072,2,4066.7,1355.5666666666666,4,3,1529.15,1188.3,0.0,1,Normal,0.13553182298558175
CUST0073,4,52092.3,5788.033333333334,11,8,45999.0,28.0,0.25,1,Normal,0.1439355309682922
CUST0074,5,65829.2,5984.472727272727,16,8,45999.0,199.0,0.0,1,Normal,0.17711832412997341
CUST0075,6,28988.3,2898.83,12,10,18049.05,179.1,0.0,1,Normal,0.19239926700691234
CUST0076,5,12160.2,1351.1333333333334,13,8,5997.0,349.0,0.4,1,Normal,0.16369501940433284
CUST0077,7,22663.45,2518.161111111111,13,9,15999.0,53.2,0.0,1,Normal,0.1693206325243362
CUST0078,4,62176.35,7772.04375,9,8,35099.1,399.0,0.0,1,Normal,0.17089038737910334
CUST0079,6,10798.3,1349.7875,12,8,3598.2,349.0,0.0,1,Normal,0.20210078020937022
CUST0080,2,2772.05,924.0166666666668,3,3,1299.0,474.05,0.0,1,Normal,0.16736277875873218
CUST0081,3,17902.199999999997,3580.4399999999996,8,5,12349.05,249.0,0.3333333333333333,1,Normal,0.15995935965991298
CUST0082,7,55601.25,5054.659090909091,13,11,41399.1,25.2,0.2857142857142857,1,Normal,0.13871514205751573
CUST0083,3,22164.300000000003,4432.860000000001,9,5,14399.1,331.55,0.0,1,Normal,0.18850204384977004
CUST0084,6,58536.25,7317.03125,10,8,38999.0,569.05,0.3333333333333333,1,Normal,0.1292296561623566
CUST0085,1,0.0,0.0,2,2,18999.0,899.0,0.0,1,Normal,0.08430334507476045
CUST0086,6,7428.4,742.8399999999999,16,9,1799.1,47.6,0.0,1,Normal,0.1701432113244276
CUST0087,3,18404.149999999998,3067.358333333333,6,4,12349.05,599.0,0.3333333333333333,1,Normal,0.14711270187628467
CUST0088,6,68921.75,5301.673076923077,16,12,35099.1,170.05,0.16666666666666666,1,Normal,0.16722666256037855
CUST0089,6,21950.4,2195.04,13,9,12799.2,25.2,0.16666666666666666,1,Normal,0.1740002843219136
CUST0090,5,18219.1,3036.5166666666664,7,6,12999.0,224.1,0.4,1,Normal,0.15227308248332694
CUST0091,4,11149.85,1114.9850000000001,13,9,2468.1,199.0,0.0,1,Normal,0.21177920833922242
CUST0092,5,69825.4,7758.377777777777,14,8,38999.0,26.6,0.2,1,Normal,0.14365574187791508
CUST0093,2,5730.55,1146.1100000000001,6,4,3038.1,182.4,0.5,1,Normal,0.13789874944852476
CUST0094,6,7300.05,521.4321428571428,25,10,1948.5,50.4,0.0,1,Normal,0.1327810325782504
CUST0095,4,10018.4,2003.6799999999998,10,3,8547.15,199.0,0.0,1,Normal,0.1854785979508105
CUST0096,4,3987.1,797.42,6,5,1898.1,192.0,0.25,1,Normal,0.1876112105210444
CUST0097,2,8304.7,1384.1166666666668,10,6,2999.0,345.6,0.5,1,Normal,0.13073132524368014
CUST0098,3,6223.0,1037.1666666666667,9,6,1899.0,179.0,0.3333333333333333,1,Normal,0.18086427946169437
CUST0099,2,16439.3,3287.8599999999997,6,5,11699.1,494.1,0.0,1,Normal,0.15880282022400471
CUST0100,1,15796.0,3949.0,4,4,12999.0,599.0,0.0,1,Normal,0.11516147226535428
CUST0101,4,3809.7,380.96999999999997,15,10,47997.0,331.55,0.25,1,Normal,0.127754877421147
CUST0102,3,8928.599999999999,1785.7199999999998,7,5,3598.2,494.1,0.6666666666666666,1,Normal,0.09891678454081798
CUST0103,5,6821.2,974.4571428571428,9,6,1999.0,379.05,0.0,1,Normal,0.20180689450838468
CUST0104,5,48830.35,6103.79375,12,7,41399.1,279.2,0.0,1,Normal,0.1853494074742406
CUST0105,3,19431.2,2428.9,10,8,10399.2,143.2,0.3333333333333333,1,Normal,0.169337164655829
CUST0106,8,15156.35,1010.4233333333334,19,12,15199.05,26.6,0.25,1,Normal,0.11771943743417734
CUST0107,5,63360.65,7040.072222222222,11,7,43197.3,279.2,0.2,1,Normal,0.16279513939109808
CUST0108,5,17397.5,1242.6785714285713,17,14,2998.0,172.8,0.4,1,Normal,0.1320398563841429
CUST0109,4,55381.5,6922.6875,8,8,35099.1,159.2,0.0,1,Normal,0.1747654868189204
CUST0110,3,10073.35,1678.8916666666667,7,6,3198.0,569.05,0.3333333333333333,1,Normal,0.17149136701102957
CUST0111,3,8636.0,1439.3333333333333,14,6,2998.0,299.0,0.0,1,Normal,0.19786393365202787
CUST0112,10,56329.299999999996,2682.347619047619,26,19,15199.05,170.05,0.2,1,Normal,0.033832922205279226
CUST0113,5,18752.35,2083.5944444444444,16,8,8097.3,314.1,0.0,1,Normal,0.19169421655991592
CUST0114,4,112721.2,16103.028571428571,9,7,91998.0,179.1,0.0,1,Normal,0.052326433882861845
CUST0115,1,1899.05,1899.05,1,1,1899.05,1899.05,0.0,1,Normal,0.043518808433079426
CUST0116,4,25843.25,2871.472222222222,12,6,15999.0,199.0,0.25,1,Normal,0.181383038218848
CUST0117,9,200232.80000000002,10011.640000000001,29,15,137997.0,189.05,0.1111111111111111,-1,Anomaly,-0.04707803230279839
CUST0118,5,27511.1,3438.8875,9,6,18999.0,199.0,0.0,1,Normal,0.18669754685748818
CUST0119,2,3321.2,1107.0666666666666,5,3,2562.15,549.0,0.0,1,Normal,0.17325896144803116
CUST0120,5,12720.95,1590.11875,12,8,3798.0,521.55,0.2,1,Normal,0.1853366495768115
CUST0121,5,8730.4,1091.3,15,8,4998.0,539.1,0.2,1,Normal,0.17466408042169113
CUST0122,5,10835.5,1354.4375,14,7,3038.1,314.1,0.2,1,Normal,0.20015025291781607
CUST0123,9,62471.299999999996,3674.782352941176,21,15,45999.0,179.0,0.2222222222222222,1,Normal,0.10504790406632514
CUST0124,3,16313.95,2039.24375,14,8,5997.0,398.0,0.0,1,Normal,0.19468705452777008
CUST0125,7,13667.7,1242.5181818181818,17,10,3312.45,172.8,0.14285714285714285,1,Normal,0.189611853034998
CUST0126,7,24700.05,2245.4590909090907,15,11,43699.05,236.55,0.14285714285714285,1,Normal,0.16136325030722498
CUST0127,4,5903.25,1180.65,7,5,1999.0,809.1,0.0,1,Normal,0.17599897134301984
CUST0128,7,72249.4,6020.783333333333,17,10,38999.0,275.0,0.14285714285714285,1,Normal,0.16506265668844544
CUST0129,5,9739.5,1217.4375,10,8,2519.1,28.0,0.2,1,Normal,0.18127699493282284
CUST0130,3,1766.55,441.6375,5,4,3998.0,247.5,0.0,1,Normal,0.19099655831751783
CUST0131,3,21562.15,5390.5375,5,4,18049.05,854.05,0.0,1,Normal,0.1300669315869168
CUST0132,5,4092.8,682.1333333333333,11,5,1437.6,21.0,0.0,1,Normal,0.16202125085743657
CUST0133,3,55121.3,13780.325,4,4,41399.1,224.1,0.0,1,Normal,0.08976465148320384
CUST0134,6,6656.25,1109.375,9,6,2697.0,539.1,0.3333333333333333,1,Normal,0.16453795932953075
CUST0135,1,254.15,254.15,1,1,254.15,254.15,0.0,1,Normal,0.077673525652245
CUST0136,4,50373.45,5597.049999999999,10,9,41399.1,21.0,0.0,1,Normal,0.1553718548872947
CUST0137,7,75839.55,7583.955,12,9,51297.3,170.05,0.14285714285714285,1,Normal,0.1552754293004191
CUST0138,8,61324.35,4717.257692307692,19,11,38999.0,399.0,0.125,1,Normal,0.15087324532756213
CUST0139,5,44531.45,4947.938888888889,14,8,34198.2,249.0,0.2,1,Normal,0.1799710383824285
CUST0140,7,15678.5,1119.892857142857,20,11,3198.0,182.4,0.0,1,Normal,0.18311487095735196
CUST0141,5,158028.1,22575.442857142858,9,7,137997.0,899.0,0.0,-1,Anomaly,-0.07133055598333382
CUST0142,3,42190.45,8438.09,6,5,35099.1,629.1,0.0,1,Normal,0.13218219648399926
CUST0143,10,44561.0,2228.05,27,16,18999.0,189.05,0.1,1,Normal,0.06943190177724001
CUST0144,8,44339.7,2216.9849999999997,31,18,15999.0,26.6,0.0,1,Normal,0.01808139945830134
CUST0145,7,8466.35,940.7055555555556,13,9,2998.0,269.1,0.2857142857142857,1,Normal,0.17413388568694765
CUST0146,5,8000.55,1333.425,8,6,2124.15,345.6,0.0,1,Normal,0.1994334405468713
CUST0147,1,0.0,0.0,2,1,998.0,998.0,0.0,1,Normal,0.08579984833977605
CUST0148,4,12905.7,2150.9500000000003,11,6,5097.45,314.1,0.0,1,Normal,0.20644179952733915
CUST0149,6,48704.75,5411.638888888889,11,7,18999.0,179.1,0.0,1,Normal,0.18526756682478385
CUST0150,6,11490.0,1044.5454545454545,14,11,38999.0,199.0,0.0,1,Normal,0.16454367916547458
CUST0151,4,12385.05,1769.292857142857,13,7,5697.0,236.55,0.0,1,Normal,0.2107979426680605
CUST0152,3,11601.4,1933.5666666666666,8,6,5397.3,172.8,0.0,1,Normal,0.20112911695408497
CUST0153,8,31921.1,2280.078571428571,19,11,11699.1,161.1,0.0,1,Normal,0.1599047406455117
CUST0154,8,19607.2,1400.5142857142857,21,13,7497.0,349.0,0.125,1,Normal,0.14637071595140488
CUST0155,4,24782.35,2753.5944444444444,13,8,15999.0,284.05,0.0,1,Normal,0.20393642052255018
CUST0156,5,10663.15,1184.7944444444445,12,8,2998.5,186.75,0.0,1,Normal,0.21459564876877663
CUST0157,5,11890.3,1486.2875,14,7,5997.0,299.0,0.2,1,Normal,0.1964443237870243
CUST0158,5,15750.599999999999,1750.0666666666666,15,9,4748.1,284.05,0.0,1,Normal,0.19681478344597814
CUST0159,3,2943.45,588.6899999999999,7,4,1234.05,299.0,0.0,1,Normal,0.19471586524565954
CUST0160,5,73523.45,6126.954166666666,16,10,38999.0,247.5,0.0,1,Normal,0.17500708280409966
CUST0161,5,5168.35,574.2611111111112,12,9,35099.1,269.1,0.2,1,Normal,0.15888992832291277
CUST0163,8,7574.3,582.6384615384616,14,13,41399.1,161.1,0.375,1,Normal,0.08457102699790547
CUST0164,2,49321.350000000006,16440.45,4,3,43699.05,224.1,0.0,1,Normal,0.05851262678790159
CUST0165,4,13154.3,1195.8454545454545,12,10,3398.3,224.1,0.0,1,Normal,0.2039222023177681
CUST0166,8,22485.1,1322.6529411764704,31,13,3238.2,296.65,0.0,1,Normal,0.0996559837605614
CUST0167,6,5236.15,654.51875,11,7,2598.0,170.05,0.3333333333333333,1,Normal,0.1759685178611971
CUST0168,5,13330.25,1666.28125,11,8,11699.1,199.0,0.0,1,Normal,0.21096814892343713
CUST0169,4,33398.5,5566.416666666667,7,6,18049.05,269.1,0.5,1,Normal,0.12675394094820175
CUST0170,4,8806.5,1258.0714285714287,9,7,2427.3,299.0,0.0,1,Normal,0.20962603916180833
CUST0171,7,17420.35,1244.310714285714,21,12,3597.75,75.6,0.0,1,Normal,0.14961382742879487
CUST0172,4,82855.65,9206.183333333332,12,7,37047.15,25.2,0.0,1,Normal,0.13421232297617053
CUST0173,6,32392.3,2699.358333333333,16,10,15199.05,331.55,0.0,1,Normal,0.18894604493490458
CUST0174,3,15197.0,5065.666666666667,3,3,12999.0,299.0,0.0,1,Normal,0.14888452071985164
CUST0175,8,60115.85,4624.296153846154,20,11,45597.15,189.05,0.125,1,Normal,0.15182939219986896
CUST0176,4,13916.550000000001,2783.3100000000004,5,5,11699.1,179.1,0.25,1,Normal,0.16655663165028667
CUST0177,6,49863.350000000006,7123.335714285715,8,7,43699.05,359.1,0.0,1,Normal,0.16475774216208078
CUST0178,4,58054.100000000006,6450.455555555556,14,8,47997.0,521.55,0.5,1,Normal,0.09674927646234605
CUST0179,3,4181.65,1045.4125,4,4,2399.2,509.15,0.3333333333333333,1,Normal,0.16439101028756814
CUST0180,5,62753.4,5229.45,13,12,38999.0,179.0,0.2,1,Normal,0.15990129006599108
CUST0181,6,10590.15,962.7409090909091,15,10,1799.0,189.05,0.3333333333333333,1,Normal,0.17786788593906594
CUST0182,4,5397.55,899.5916666666667,10,5,1709.1,340.1,0.0,1,Normal,0.20384548051897683
CUST0183,3,4271.2,427.12,14,8,77998.0,284.05,0.0,1,Normal,0.11178551049245733
CUST0184,3,3209.7,534.9499999999999,8,6,12999.0,331.55,0.0,1,Normal,0.1902913984538278
CUST0185,13,80332.25,3347.1770833333335,34,19,45999.0,189.05,0.0,-1,Anomaly,-0.01613679643567434
CUST0186,6,15019.6,1877.45,13,8,8097.3,550.0,0.0,1,Normal,0.18384592679875872
CUST0187,3,57632.399999999994,11526.48,8,5,35099.1,539.1,0.3333333333333333,1,Normal,0.07970633133011634
CUST0188,5,5216.65,745.2357142857143,8,7,1898.1,399.0,0.2,1,Normal,0.18637712690378233
CUST0189,1,2859.2999999999997,1429.6499999999999,3,2,2698.2,161.1,0.0,1,Normal,0.14062522614530715
CUST0190,2,31996.1,15998.05,4,2,30398.1,1598.0,0.0,-1,Anomaly,-0.023543725951378214
CUST0191,5,5945.05,990.8416666666667,9,5,1999.0,199.0,0.2,1,Normal,0.18771687113194357
CUST0192,4,14414.8,2059.2571428571428,11,7,5998.0,538.2,0.0,1,Normal,0.19088849647800682
CUST0193,4,5143.15,1285.7875,7,4,2468.1,379.05,0.25,1,Normal,0.18202130258340515
CUST0194,5,5663.0,707.875,10,6,1529.15,163.2,0.0,1,Normal,0.20527070846194012
CUST0195,2,11768.25,5884.125,2,2,11049.15,719.1,0.0,1,Normal,0.10006943521141687
CUST0196,8,22136.0,2012.3636363636363,16,8,12999.0,170.05,0.25,1,Normal,0.15842168561449144
CUST0197,5,24122.7,2412.27,13,10,15999.0,275.0,0.0,1,Normal,0.1894010812731982
CUST0198,3,3298.1,1099.3666666666666,3,3,1899.05,1499.0,0.0,1,Normal,0.11988534299489323
CUST0199,5,53482.65,5348.265,12,9,34198.2,28.0,0.0,1,Normal,0.16975259695388506
CUST0200,5,18143.0,3628.6,7,5,12999.0,249.0,0.2,1,Normal,0.16635306226009566
CUST0201,2,5022.05,2511.025,3,2,3598.0,1424.05,0.5,1,Normal,0.05545028782260342
CUST0202,5,26929.3,2992.144444444444,11,9,18999.0,179.0,0.2,1,Normal,0.1936923396514878
CUST0203,5,9072.45,1296.064285714286,9,6,2999.0,170.05,0.2,1,Normal,0.1977084426740932
CUST0204,2,10793.0,3597.6666666666665,7,3,8397.0,897.0,0.0,1,Normal,0.13185430930021558
CUST0205,7,18245.35,2027.261111111111,11,9,91998.0,25.2,0.14285714285714285,1,Normal,0.08852404046645529
CUST0206,2,539.1,269.55,3,2,25998.0,539.1,0.5,1,Normal,0.04881291042641722
CUST0207,2,594.25,297.125,2,2,569.05,25.2,0.0,1,Normal,0.10318551296445205
CUST0208,2,2897.55,1448.775,5,2,2847.15,50.4,0.0,1,Normal,0.14147600286500223
CUST0209,3,2999.0,999.6666666666666,3,3,2999.0,999.0,0.0,1,Normal,0.15165937954022157
CUST0210,2,1968.1,984.05,2,2,1169.1,799.0,0.5,1,Normal,0.07880683576224745
CUST0211,3,6134.1,1226.8200000000002,7,5,2697.0,170.05,0.0,1,Normal,0.21004581476924905
CUST0212,7,57761.1,5776.11,15,9,45999.0,84.0,0.14285714285714285,1,Normal,0.15866172655152777
CUST0213,6,8421.2,1052.65,11,6,2248.5,279.2,0.3333333333333333,1,Normal,0.17869459418104194
CUST0214,1,16797.0,5599.0,3,3,15999.0,299.0,0.0,1,Normal,0.10952667991157156
CUST0215,3,2123.3,530.825,4,4,999.0,199.0,0.0,1,Normal,0.18136046149356472
CUST0216,7,10031.7,1003.1700000000001,15,9,2847.15,25.2,0.14285714285714285,1,Normal,0.16755335042165348
CUST0217,4,14689.15,1632.1277777777777,15,9,3958.2,172.8,0.25,1,Normal,0.19469620273852978
CUST0218,7,4316.0,392.3636363636364,12,8,1198.0,199.0,0.0,1,Normal,0.17757836009499978
CUST0219,4,56746.7,11349.34,7,5,45999.0,182.4,0.25,1,Normal,0.10525721975686919
CUST0220,7,26147.05,2614.705,12,8,35099.1,269.1,0.0,1,Normal,0.17228390694015355
CUST0221,3,2408.35,481.66999999999996,8,5,1047.0,53.2,0.0,1,Normal,0.17387213074873753
CUST0222,5,54443.85,6049.316666666667,10,9,37049.05,26.6,0.0,1,Normal,0.16349167557793026
CUST0223,1,2998.0,2998.0,2,1,2998.0,2998.0,0.0,1,Normal,0.003410738555492676
CUST0224,4,195241.15,32540.191666666666,9,6,137997.0,199.0,0.25,-1,Anomaly,-0.11217084863532045
CUST0225,9,118752.45,9896.0375,18,10,47997.0,269.1,0.1111111111111111,1,Normal,0.0766591108917909
CUST0226,6,56259.9,4018.5642857142857,21,11,18999.0,314.1,0.0,1,Normal,0.14953518518122771
CUST0227,7,279577.55,17473.596875,24,15,124197.3,28.0,0.0,-1,Anomaly,-0.08812585586283417
CUST0229,4,8667.2,1444.5333333333335,8,5,2697.0,299.0,0.25,1,Normal,0.19158051116438374
CUST0230,2,999.0,333.0,3,3,18999.0,999.0,0.0,1,Normal,0.1084221778223261
CUST0231,7,18661.4,1866.14,16,10,3998.0,179.1,0.0,1,Normal,0.18601440057762475
CUST0232,4,1579.65,394.9125,5,4,3198.0,26.6,0.0,1,Normal,0.15464329120254716
CUST0233,4,72018.2,7201.82,15,9,41399.1,314.1,0.0,1,Normal,0.16427628316139647
CUST0234,4,30603.350000000002,5100.558333333333,9,6,23398.2,189.05,0.0,1,Normal,0.18524417136556387
CUST0235,3,7128.1,1425.6200000000001,5,5,2799.0,192.0,0.6666666666666666,1,Normal,0.10347580171237764
CUST0236,12,70535.9,2938.995833333333,38,20,37047.15,56.0,0.16666666666666666,-1,Anomaly,-0.044889487434152
CUST0237,5,74021.8,5693.984615384616,20,13,35099.1,50.4,0.0,1,Normal,0.12658184963348185
CUST0238,3,72189.15000000001,14437.830000000002,6,5,70198.2,261.25,0.0,1,Normal,0.06821052526755045
CUST0239,6,12302.949999999999,1118.4499999999998,15,11,4398.0,172.8,0.0,1,Normal,0.19651586976692614
CUST0240,2,2996.0,749.0,5,4,18999.0,399.0,0.0,1,Normal,0.15082920487845458
CUST0241,4,4597.0,919.4,9,4,2799.0,1328.1,0.25,1,Normal,0.12249795439047578
CUST0242,8,19812.05,1651.0041666666666,18,10,4398.0,179.0,0.125,1,Normal,0.17165129159457254
CUST0243,8,39270.55,3272.5458333333336,18,10,15199.2,479.2,0.0,1,Normal,0.1469599298819591
CUST0244,4,63588.15,7065.35,11,9,38999.0,28.0,0.25,1,Normal,0.13975972285579996
CUST0245,7,97181.5,8834.681818181818,12,9,45999.0,172.8,0.14285714285714285,1,Normal,0.14374740722354706
CUST0246,6,7295.0,607.9166666666666,19,11,87398.1,379.05,0.16666666666666666,1,Normal,0.08374956301254594
CUST0247,5,38346.1,6391.016666666666,7,6,36098.1,249.0,0.0,1,Normal,0.16203772190058796
CUST0248,1,314.1,314.1,1,1,314.1,314.1,1.0,-1,Anomaly,-0.03170424702237873
CUST0249,9,31176.75,1640.8815789473683,25,15,11699.1,25.2,0.3333333333333333,1,Normal,0.058263211521115243
CUST0250,5,33897.05,4842.435714285714,7,7,18999.0,284.05,0.0,1,Normal,0.17378216715940442
CUST0251,7,48535.1,3235.673333333333,21,14,38999.0,275.0,0.0,1,Normal,0.14075411162690576
CUST0252,3,5737.1,956.1833333333334,7,6,3398.3,152.15,0.3333333333333333,1,Normal,0.1770775124156932
CUST0253,4,10468.0,2093.6,8,5,4797.0,275.0,0.25,1,Normal,0.1857080352316463
CUST0254,9,28097.9,2341.491666666667,21,10,5397.3,314.1,0.3333333333333333,1,Normal,0.1163919045914869
CUST0255,3,16346.1,1816.2333333333333,12,9,5997.0,345.6,0.0,1,Normal,0.19725757387519965
CUST0256,6,37625.55,3135.4625,16,12,43699.05,28.0,0.0,1,Normal,0.15255157497539218
CUST0257,3,3163.05,1054.3500000000001,3,3,2499.0,664.05,0.3333333333333333,1,Normal,0.13873490646425746
CUST0258,4,7467.75,829.75,12,7,1799.1,159.2,0.0,1,Normal,0.20699243937919448
CUST0259,3,20840.899999999998,3473.483333333333,10,6,14399.1,599.0,0.6666666666666666,1,Normal,0.08826419773520117
CUST0260,5,18267.4,1405.1846153846154,21,13,3372.75,179.1,0.0,1,Normal,0.17152916019157294
CUST0261,6,66503.4,6045.763636363636,17,10,45999.0,269.1,0.0,1,Normal,0.16909240639261763
CUST0262,4,798.0,99.75,13,8,47997.0,25.2,0.25,1,Normal,0.10437309120556032
CUST0263,5,5680.1,811.4428571428572,12,7,1599.0,249.0,0.0,1,Normal,0.20755389924106993
CUST0264,6,12209.3,1526.1625,13,8,3238.2,314.1,0.16666666666666666,1,Normal,0.19894313041124168
CUST0265,5,47415.85,6773.692857142857,8,7,37049.05,521.55,0.0,1,Normal,0.1566834437068727
CUST0266,5,17308.4,2472.628571428572,7,7,11699.1,399.0,0.4,1,Normal,0.15104218030124278
CUST0267,8,158029.5,9295.85294117647,23,16,77998.0,170.05,0.125,1,Normal,0.019852717643161766
CUST0268,3,49079.2,8179.866666666666,6,4,45999.0,359.1,0.0,1,Normal,0.12609297441868567
CUST0269,6,13317.05,1210.640909090909,13,11,5598.0,28.0,0.0,1,Normal,0.17255077467593316
CUST0270,6,14980.05,1664.4499999999998,14,8,3798.1,172.8,0.16666666666666666,1,Normal,0.19789717395000206
CUST0271,6,33186.9,2212.46,24,14,12999.0,179.1,0.0,1,Normal,0.14936678270838288
CUST0272,4,12170.35,1738.6214285714286,10,7,3198.0,378.1,0.25,1,Normal,0.1936128406595896
CUST0273,7,21259.25,1518.517857142857,18,12,12799.2,224.1,0.2857142857142857,1,Normal,0.15531691698098438
CUST0274,7,6492.700000000001,541.0583333333334,17,11,1992.15,28.0,0.0,1,Normal,0.1508361879975874
CUST0275,8,18569.95,1428.4576923076925,21,10,5697.15,199.0,0.25,1,Normal,0.14411985289970686
CUST0276,1,5598.0,5598.0,2,1,5598.0,5598.0,0.0,-1,Anomaly,-0.027403792249262593
CUST0277,3,6596.15,1649.0375,6,4,5697.15,379.05,0.0,1,Normal,0.19641103677002258
CUST0278,7,15476.7,1031.78,24,12,3198.0,179.1,0.14285714285714285,1,Normal,0.15140482428194402
CUST0279,6,67900.55,4526.703333333334,18,14,18999.0,182.4,0.16666666666666666,1,Normal,0.13394156307553834
CUST0281,3,62464.1,12492.82,6,5,45999.0,568.1,0.0,1,Normal,0.09847106072983453
CUST0282,7,65367.8,4669.128571428571,26,14,43699.05,26.6,0.14285714285714285,1,Normal,0.09864061767457022
CUST0283,6,8612.3,1076.5375,9,8,3798.1,199.0,0.3333333333333333,1,Normal,0.18114928116410184
CUST0284,4,3157.25,631.45,5,5,1999.0,249.0,0.25,1,Normal,0.17441167093265314
CUST0285,5,22598.149999999998,2259.8149999999996,11,9,17099.1,359.1,0.2,1,Normal,0.18267160911797853
CUST0286,12,117992.15,5618.673809523809,29,17,82798.2,189.05,0.08333333333333333,-1,Anomaly,-0.030894022838984125
CUST0287,5,38682.75,4835.34375,9,8,36098.1,28.0,0.0,1,Normal,0.16075946073207087
CUST0288,5,23368.45,2921.05625,9,7,12349.05,261.25,0.2,1,Normal,0.19172615339392818
CUST0289,7,56059.2,5096.290909090909,14,10,41399.1,299.0,0.2857142857142857,1,Normal,0.15757638278884656
CUST0290,5,36387.75,3638.775,15,9,11999.25,449.25,0.0,1,Normal,0.17142497399318463
CUST0291,7,12004.1,1333.788888888889,13,9,5598.0,28.0,0.0,1,Normal,0.1723430235075622
CUST0292,8,16042.0,1458.3636363636363,17,10,5397.0,28.0,0.125,1,Normal,0.15043299480469946
CUST0293,4,8031.55,1606.31,7,5,4497.75,206.25,0.0,1,Normal,0.20588055773720665
CUST0294,5,31035.149999999998,3879.3937499999997,9,8,15999.0,189.05,0.0,1,Normal,0.19635871451544207
CUST0295,2,3088.05,1544.025,2,2,2089.05,999.0,0.5,1,Normal,0.07305372730938386
CUST0296,4,6639.349999999999,1106.5583333333332,9,6,2698.2,399.0,0.0,1,Normal,0.2064563512844838
CUST0297,4,60457.350000000006,8636.764285714287,13,6,43699.05,499.0,0.5,1,Normal,0.0900956389471329
CUST0298,4,20094.0,2232.6666666666665,13,7,12999.0,340.1,0.0,1,Normal,0.20555174488888012
CUST0299,7,13725.1,1247.7363636363636,15,11,3038.1,349.0,0.0,1,Normal,0.1811736348925015
CUST0300,6,17370.8,2171.35,11,8,13599.15,163.2,0.3333333333333333,1,Normal,0.17189917325494036
CUST0301,6,53605.5,3573.7,18,13,35099.1,192.0,0.0,1,Normal,0.16558645409211648
CUST0302,1,269.1,269.1,1,1,269.1,269.1,0.0,1,Normal,0.0789833559066428
CUST0303,5,93037.45,10337.494444444445,11,9,74098.1,192.0,0.2,1,Normal,0.11845566041181133
CUST0304,5,23532.5,2614.722222222222,10,9,15999.0,161.1,0.4,1,Normal,0.16400434780398776
CUST0305,8,17280.25,1152.0166666666667,17,12,3738.3,23.8,0.25,1,Normal,0.13022841968052556
CUST0306,6,35354.35,3535.435,15,9,27198.3,23.8,0.16666666666666666,1,Normal,0.15947495721463284
CUST0307,4,17634.2,3526.84,6,5,15999.0,28.0,0.0,1,Normal,0.1559847949660481
CUST0308,3,29257.6,3657.2,13,8,12349.05,199.0,0.0,1,Normal,0.1967021378405034
CUST0309,7,48952.5,3765.576923076923,19,12,20798.4,424.15,0.14285714285714285,1,Normal,0.14951140905966565
CUST0310,5,149947.55,13631.595454545453,18,10,91998.0,249.0,0.0,1,Normal,0.03796165791924333
CUST0311,3,7508.2,1501.6399999999999,8,4,3038.1,949.05,0.0,1,Normal,0.16337130844622788
CUST0312,6,5832.4,833.1999999999999,9,7,1617.3,179.0,0.16666666666666666,1,Normal,0.19289783592670395
CUST0313,4,88838.15000000001,12691.164285714287,10,7,77998.0,314.1,0.0,1,Normal,0.10442082968023952
CUST0314,6,43827.3,3371.3307692307694,17,12,35097.3,172.8,0.0,1,Normal,0.17868159420272728
CUST0315,7,14112.449999999999,1282.9499999999998,18,10,37049.05,364.8,0.2857142857142857,1,Normal,0.13551707602066898
CUST0316,4,108796.34999999999,13599.543749999999,9,7,91998.0,189.05,0.25,1,Normal,0.04815042028827665
CUST0317,4,10112.800000000001,1685.466666666667,11,6,4797.6,314.1,0.0,1,Normal,0.2103957916373646
CUST0318,9,16664.7,877.0894736842106,25,16,2397.0,199.0,0.1111111111111111,1,Normal,0.09775478947117222
CUST0319,10,13644.55,1049.5807692307692,15,12,82798.2,299.0,0.1,1,Normal,0.06665829290723346
CUST0320,5,172258.09999999998,21532.262499999997,12,7,137997.0,199.0,0.2,-1,Anomaly,-0.0369550990648988
CUST0321,4,11145.0,1114.5,10,10,2999.0,172.8,0.25,1,Normal,0.19459132358399966
CUST0322,5,12218.2,1357.5777777777778,13,7,3998.0,379.05,0.6,1,Normal,0.12096969999556151
CUST0323,6,84252.70000000001,8425.27,21,10,51297.3,599.0,0.16666666666666666,1,Normal,0.10777375708672682
CUST0324,7,197038.80000000002,11590.517647058825,23,13,91998.0,170.05,0.0,1,Normal,0.005090446473169363
CUST0325,10,91252.75,3967.5108695652175,33,16,15999.0,28.0,0.0,-1,Anomaly,-0.01447259006426349
CUST0326,7,65600.45,5466.704166666666,15,12,37049.05,199.0,0.14285714285714285,1,Normal,0.16146270620580033
CUST0327,6,37402.05,2877.0807692307694,19,13,15999.0,26.6,0.0,1,Normal,0.14452489043734762
CUST0328,5,6725.5,1120.9166666666667,7,6,1999.0,261.25,0.0,1,Normal,0.20167786325556813
CUST0329,3,169657.05000000002,33931.41,11,4,124197.3,44.8,0.3333333333333333,-1,Anomaly,-0.13127092351836445
CUST0330,7,13126.95,1193.359090909091,16,11,5038.2,75.6,0.14285714285714285,1,Normal,0.17111465921869662
CUST0331,6,5579.3,619.9222222222222,11,8,1899.0,189.05,0.5,1,Normal,0.13687226112538015
CUST0332,1,2157.3,2157.3,3,1,2157.3,2157.3,1.0,-1,Anomaly,-0.06789936591735668
CUST0333,3,34444.35,4920.621428571429,10,6,27198.3,211.65,0.0,1,Normal,0.1702501579179705
CUST0334,5,24976.2,2775.133333333333,9,9,15999.0,249.0,0.0,1,Normal,0.19488373838488082
CUST0335,7,6715.6,746.1777777777778,14,8,2277.15,261.25,0.42857142857142855,1,Normal,0.14044300449447772
CUST0336,8,17548.75,1349.9038461538462,15,10,3798.0,26.6,0.25,1,Normal,0.14164260231084358
CUST0337,3,3717.2,929.3,5,4,1999.0,26.6,0.0,1,Normal,0.16879635642970503
CUST0338,5,36068.2,4007.5777777777776,13,9,25998.0,249.0,0.0,1,Normal,0.18430941937326034
CUST0339,4,38689.5,6448.25,9,6,33149.15,429.6,0.0,1,Normal,0.16907942273652155
CUST0340,10,53476.85,3145.6970588235295,25,14,37998.0,179.1,0.0,1,Normal,0.09862613655845032
CUST0341,2,34290.15,5715.025000000001,8,6,25998.0,192.0,0.0,1,Normal,0.15132165645001006
CUST0342,6,94398.4,7866.533333333333,17,12,41399.1,179.1,0.3333333333333333,1,Normal,0.12732024936118264
CUST0343,5,46279.5,5142.166666666667,16,9,37047.15,179.0,0.0,1,Normal,0.1886176463249032
CUST0344,6,52507.5,5834.166666666667,15,8,41399.1,349.0,0.0,1,Normal,0.17693639758886837
CUST0345,6,113444.1,10313.1,14,10,58498.5,134.25,0.16666666666666666,1,Normal,0.10755585192779138
CUST0346,2,3236.1,809.025,4,4,1999.0,179.0,0.0,1,Normal,0.1737954221048485
CUST0347,7,15587.3,1298.9416666666666,13,10,2999.0,549.0,0.14285714285714285,1,Normal,0.17072146221223372
CUST0348,4,27246.45,2724.645,15,8,12799.2,21.0,0.5,1,Normal,0.1198277920084474
CUST0349,5,7277.65,727.765,13,9,2999.0,199.0,0.0,1,Normal,0.2076739322074388
CUST0350,9,66972.4,4464.826666666666,23,10,38997.0,179.0,0.1111111111111111,1,Normal,0.12790483410800857
CUST0351,5,91555.45,10172.827777777777,11,7,43699.05,854.05,0.0,1,Normal,0.10126931243529858
CUST0352,6,90775.15,7564.595833333333,16,10,38999.0,199.0,0.0,1,Normal,0.15877715881633897
CUST0353,5,42578.549999999996,4730.95,14,8,35099.1,186.75,0.2,1,Normal,0.1798415237820004
CUST0354,3,7242.45,1207.075,7,6,3998.0,182.4,0.3333333333333333,1,Normal,0.1821846405596883
CUST0355,6,48614.850000000006,3038.4281250000004,21,16,30398.4,224.25,0.3333333333333333,1,Normal,0.10228322024823444
CUST0356,5,14873.65,1144.126923076923,18,11,3998.0,179.1,0.0,1,Normal,0.19372638926124597
CUST0357,5,113074.2,14134.275,12,8,91998.0,192.0,0.0,1,Normal,0.07721904260062307
CUST0358,4,34250.0,4281.25,11,8,17099.1,179.1,0.25,1,Normal,0.1842162821505472
CUST0359,9,21126.7,1320.41875,22,14,8397.0,182.4,0.0,1,Normal,0.13483338799960826
CUST0360,6,8180.75,908.9722222222222,18,8,2699.1,299.0,0.16666666666666666,1,Normal,0.1792405797060549
CUST0361,1,1438.2,1438.2,2,1,1438.2,1438.2,0.0,1,Normal,0.07486447528695561
CUST0362,5,6615.7,945.1,12,7,2999.0,179.0,0.2,1,Normal,0.20179268830667485
CUST0363,6,21716.15,2171.6150000000002,15,10,12799.2,50.4,0.16666666666666666,1,Normal,0.1759658016045123
CUST0364,7,47041.450000000004,3920.120833333334,15,12,37049.05,182.4,0.0,1,Normal,0.17069648616823796
CUST0365,3,2582.65,860.8833333333333,4,3,1599.2,304.3,0.0,1,Normal,0.19150219411838693
CUST0366,4,15391.05,1710.1166666666666,14,9,5697.0,199.0,0.0,1,Normal,0.2042140089740912
CUST0367,6,86147.15,10768.39375,11,8,56997.0,249.0,0.3333333333333333,1,Normal,0.1054442228140679
CUST0368,4,17162.0,2451.714285714286,14,7,4497.0,275.0,0.0,1,Normal,0.20093655771110297
CUST0369,5,48126.7,6015.8375,13,8,35099.1,179.1,0.4,1,Normal,0.1513629367565047
CUST0370,5,5544.25,924.0416666666666,8,5,1709.05,314.1,0.0,1,Normal,0.19967619076299914
CUST0371,5,163001.4,16300.14,14,7,91998.0,299.0,0.0,1,Normal,0.026272173208444327
CUST0372,3,1873.0,312.1666666666667,7,6,35099.1,199.0,0.0,1,Normal,0.14744094107698003
CUST0373,4,42997.2,5374.65,8,8,18999.0,494.1,0.0,1,Normal,0.16678680963275333
CUST0374,7,52098.1,6512.2625,12,7,38999.0,199.0,0.0,1,Normal,0.1718198022336035
CUST0375,4,96485.35,19297.07,5,5,43699.05,179.1,0.25,1,Normal,0.0327216256091013
CUST0376,1,3976.0,994.0,4,4,2799.0,179.0,0.0,1,Normal,0.15558904817818336
CUST0377,3,19255.7,3851.1400000000003,7,5,18049.05,26.6,0.0,1,Normal,0.14926525861161022
CUST0378,4,9275.15,1855.03,6,4,3198.0,199.0,0.0,1,Normal,0.19581846414494253
CUST0379,7,41724.65,2196.0342105263157,36,17,8997.0,28.0,0.14285714285714285,1,Normal,0.025113530639283232
CUST0380,3,45745.1,15248.366666666667,5,3,38999.0,2249.1,0.3333333333333333,-1,Anomaly,-0.04430840507886813
CUST0381,3,24058.399999999998,6014.599999999999,6,4,18049.05,28.0,0.3333333333333333,1,Normal,0.10764419598453379
CUST0382,6,58980.2,6553.355555555555,12,8,18999.0,999.0,0.0,1,Normal,0.11135789887556785
CUST0383,5,17574.3,1757.4299999999998,16,9,3998.0,28.0,0.2,1,Normal,0.1637717973046416
CUST0384,5,31872.45,2656.0375,14,9,12999.0,182.4,0.0,1,Normal,0.20268279723950627
CUST0385,7,12790.15,1421.1277777777777,15,8,3998.0,299.0,0.2857142857142857,1,Normal,0.17325685544243113
CUST0386,1,14398.400000000001,7199.200000000001,2,2,12799.2,1599.2,0.0,1,Normal,0.01898612485087292
CUST0387,8,57368.95,4412.996153846154,22,11,36098.1,349.0,0.0,1,Normal,0.1332009818698378
CUST0388,2,899.0,449.5,2,2,899.0,399.0,0.0,1,Normal,0.14647533478751007
CUST0389,2,4183.2,836.64,7,5,1198.0,379.05,0.5,1,Normal,0.13212515818142212
CUST0390,5,10658.35,1065.835,12,10,3238.2,284.05,0.0,1,Normal,0.19849535889349124
CUST0391,2,5154.25,859.0416666666666,8,6,2338.2,269.1,0.0,1,Normal,0.18602922345116885
CUST0392,4,10119.0,2023.8,7,5,5998.0,249.0,0.25,1,Normal,0.1767079682694862
CUST0393,5,21706.45,2713.30625,8,8,18049.05,28.0,0.2,1,Normal,0.15642072541063567
CUST0394,5,44091.4,5511.425,9,7,38999.0,179.0,0.2,1,Normal,0.17755802501864915
CUST0395,5,223545.35,37257.558333333334,10,5,105297.3,399.0,0.0,-1,Anomaly,-0.0955981561090753
CUST0396,6,5710.15,571.015,12,10,1619.1,134.25,0.0,1,Normal,0.18460816305569205
CUST0397,3,4246.0,849.2,6,5,3198.0,247.5,0.0,1,Normal,0.20694080894498795
CUST0398,6,54984.15000000001,5498.415000000001,14,10,37049.05,192.0,0.0,1,Normal,0.18632155966300873
CUST0399,5,3520.5,586.75,6,6,34499.25,233.75,0.4,1,Normal,0.10943256772847965
CUST0400,3,9246.15,1320.8785714285714,11,7,2698.5,719.1,0.3333333333333333,1,Normal,0.15250229750538546
CUST0401,8,97826.9,5434.827777777778,28,15,45597.15,79.8,0.0,1,Normal,0.056311315651973004
CUST0402,4,43816.299999999996,4381.629999999999,12,10,18999.0,192.0,0.0,1,Normal,0.1813905188427904
CUST0403,6,50139.25000000001,5571.027777777778,13,8,43197.3,28.0,0.16666666666666666,1,Normal,0.15759226059818493
CUST0404,3,9092.0,2273.0,8,4,5997.0,299.0,0.0,1,Normal,0.19258136331083064
CUST0405,6,126128.75000000001,11466.250000000002,17,10,87398.1,179.1,0.3333333333333333,1,Normal,0.044871933594028524
CUST0406,2,1258.2,629.1,2,2,809.1,449.1,0.0,1,Normal,0.14603918780025155
CUST0407,8,23632.8,1477.05,23,13,3598.0,179.1,0.25,1,Normal,0.13093151663659913
CUST0408,3,42395.0,8479.0,6,5,37998.0,199.0,0.0,1,Normal,0.14653088190653607
CUST0409,4,11201.7,1400.2125,13,7,3598.2,179.1,0.0,1,Normal,0.2147781037149855
CUST0410,7,41720.3,5215.0375,10,7,35099.1,284.05,0.14285714285714285,1,Normal,0.16320445214234075
CUST0411,4,56288.2,8041.171428571428,7,5,41399.1,1804.05,0.0,1,Normal,0.043481383811827534
CUST0412,3,10868.95,1811.4916666666668,10,6,5127.15,299.0,0.0,1,Normal,0.20761980830793864
CUST0413,5,50606.65,4217.220833333334,17,11,41399.1,25.2,0.2,1,Normal,0.14484283422380206
CUST0414,6,12251.35,2041.8916666666667,10,5,5997.0,179.1,0.0,1,Normal,0.18374246889391116
CUST0415,5,26669.5,3333.6875,13,8,12999.0,567.15,0.0,1,Normal,0.18118949331191259
CUST0416,2,538.2,269.1,3,1,538.2,254.15,0.0,1,Normal,0.12560314470021972
CUST0417,2,7744.1,1936.025,6,4,3598.0,1198.0,0.0,1,Normal,0.1358080735114941
CUST0418,4,6428.15,1071.3583333333333,7,6,1999.0,249.0,0.5,1,Normal,0.14283581499329756
CUST0419,3,6794.0,1698.5,6,4,1799.0,1598.0,0.0,1,Normal,0.11902380254904504
CUST0420,2,16306.25,3261.25,9,5,10399.2,22.4,0.0,1,Normal,0.13951427130058242
CUST0421,3,89733.45,12819.064285714285,12,6,82798.2,539.1,0.3333333333333333,1,Normal,0.022295169345895594
CUST0422,7,22718.75,1622.767857142857,16,11,12349.05,189.05,0.0,1,Normal,0.18742177551750117
CUST0423,6,11091.7,1232.4111111111113,13,9,45999.0,199.0,0.3333333333333333,1,Normal,0.1468107131181522
CUST0424,5,19244.55,1924.455,15,9,7137.45,296.65,0.2,1,Normal,0.1863873207172395
CUST0425,9,65572.9,3122.5190476190473,28,18,30398.1,189.05,0.1111111111111111,1,Normal,0.07547738020695283
CUST0426,4,91361.3,15226.883333333333,8,6,74098.1,28.0,0.0,1,Normal,0.043293031267089166
CUST0427,3,7914.75,989.34375,17,7,4557.15,473.1,0.0,1,Normal,0.17963624129143213
CUST0428,7,14500.25,1812.53125,10,8,5598.0,499.0,0.2857142857142857,1,Normal,0.14895019395715847
CUST0429,5,8939.5,993.2777777777778,11,8,3598.2,269.1,0.0,1,Normal,0.20869717711394897
CUST0430,6,56561.8,5656.18,14,10,45999.0,179.0,0.3333333333333333,1,Normal,0.15795292286062396
CUST0431,5,2696.0,337.0,12,8,74098.1,199.0,0.0,1,Normal,0.12016454550102751
CUST0432,3,4378.55,1094.6375,4,4,1999.0,249.0,0.0,1,Normal,0.19591160139157954
CUST0433,6,29897.449999999997,2717.95,15,10,18049.05,599.0,0.16666666666666666,1,Normal,0.16600607736179962
CUST0434,5,73135.05,10447.864285714286,12,7,62398.4,23.8,0.0,1,Normal,0.11573047897657529
CUST0435,9,51663.75,3039.044117647059,22,16,17099.1,199.0,0.3333333333333333,1,Normal,0.07313587242401853
CUST0436,2,999.0,499.5,2,2,999.0,759.05,0.0,1,Normal,0.1329266456502456
CUST0437,7,11773.0,840.9285714285714,21,13,5038.2,22.4,0.0,1,Normal,0.13173471796009212
CUST0438,7,43996.5,3666.375,15,11,45999.0,25.2,0.2857142857142857,1,Normal,0.13469753310245397
CUST0439,6,3849.2,320.76666666666665,13,11,12349.05,28.0,0.3333333333333333,1,Normal,0.13022659388022556
CUST0440,4,11095.0,2219.0,6,5,4398.0,199.0,0.0,1,Normal,0.19854785487335364
CUST0441,2,5395.5,1798.5,5,3,3238.2,359.1,0.0,1,Normal,0.1790768887792557
CUST0442,7,44098.15,2594.008823529412,23,14,15999.0,25.2,0.0,1,Normal,0.11647029845300244
CUST0443,5,50966.95,5662.9944444444445,14,8,36098.1,284.05,0.0,1,Normal,0.18649771726749076
CUST0444,10,69314.25,4951.017857142857,21,13,45999.0,331.55,0.1,1,Normal,0.09364851193573043
CUST0445,8,71776.70000000001,7975.18888888889,14,9,54147.15,269.1,0.25,1,Normal,0.12120409143564825
CUST0446,5,71907.6,7190.76,13,9,51297.3,179.1,0.4,1,Normal,0.13203485860405706
CUST0447,4,4820.15,964.03,5,5,1799.0,189.05,0.0,1,Normal,0.19819092308794284
CUST0448,4,7982.3,1140.3285714285714,12,7,2848.1,28.0,0.0,1,Normal,0.18827978794453631
CUST0449,8,50312.4,3593.7428571428572,15,13,33149.15,169.15,0.125,1,Normal,0.14962547935764076
CUST0450,6,11920.5,1324.5,11,9,5038.2,261.25,0.0,1,Normal,0.2006496840938749
CUST0451,4,6966.1,1161.0166666666667,7,6,2999.0,192.0,0.0,1,Normal,0.20839570997652496
CUST0452,7,45177.45,3764.7875,14,12,23398.2,179.1,0.14285714285714285,1,Normal,0.1683197043890497
CUST0453,3,1097.0,219.4,5,5,18999.0,199.0,0.0,1,Normal,0.16279742267706654
CUST0454,4,80494.0,6707.833333333333,15,12,77998.0,199.0,0.0,1,Normal,0.13453056564156518
CUST0455,4,2884.45,412.0642857142857,8,6,1199.25,21.0,0.0,1,Normal,0.16730596456520963
CUST0456,3,12723.2,2544.6400000000003,7,4,4797.0,809.1,0.0,1,Normal,0.16039051846664598
CUST0457,7,8187.65,818.765,12,6,1869.15,261.75,0.2857142857142857,1,Normal,0.16950526549122646
CUST0458,2,6796.0,3398.0,4,2,5998.0,798.0,0.0,1,Normal,0.13090714402948034
CUST0459,7,86876.25,7239.6875,17,12,38999.0,179.0,0.14285714285714285,1,Normal,0.14866907772146748
CUST0460,2,3414.3,569.0500000000001,6,6,899.0,269.1,0.5,1,Normal,0.11042815432742803
CUST0461,7,15268.2,1388.0181818181818,14,11,3598.0,84.0,0.14285714285714285,1,Normal,0.17262525558264186
CUST0462,8,29844.6,2295.7384615384613,14,11,23398.2,143.2,0.125,1,Normal,0.15866092811416926
CUST0463,4,19593.6,2799.085714285714,9,7,12999.0,331.55,0.0,1,Normal,0.20555422332284218
CUST0464,2,3398.0,1699.0,2,2,2999.0,399.0,0.0,1,Normal,0.16339897550703414
CUST0465,3,49505.1,12376.275,5,4,45999.0,698.0,0.3333333333333333,1,Normal,0.04286326594069134
CUST0466,5,46460.4,5162.266666666666,10,9,37049.05,28.0,0.0,1,Normal,0.1689971965245473
CUST0467,6,32317.6,2693.133333333333,16,10,15199.05,199.0,0.3333333333333333,1,Normal,0.17187436803216544
CUST0468,8,19900.55,1530.8115384615385,17,12,37049.05,199.0,0.125,1,Normal,0.15255663892383153
CUST0469,3,3606.3,721.26,7,5,2799.0,170.05,0.3333333333333333,1,Normal,0.17870242768738726
CUST0470,8,40423.25,4042.325,12,9,18999.0,26.6,0.125,1,Normal,0.13493652285010643
CUST0471,6,34286.05,3116.9136363636367,22,11,38999.0,247.5,0.0,1,Normal,0.15303608197770802
CUST0472,5,55574.7,5557.469999999999,13,8,36098.1,224.1,0.0,1,Normal,0.19243059544434093
CUST0473,4,10278.35,2055.67,8,5,4557.6,179.1,0.0,1,Normal,0.20445899510467364
CUST0474,4,7046.7,880.8375,8,7,2499.0,521.55,0.25,1,Normal,0.18439127093457958
CUST0475,6,15166.75,1263.8958333333333,18,11,4998.0,192.0,0.0,1,Normal,0.19218963816761625
CUST0476,2,399.2,99.8,6,4,1349.25,186.75,0.0,1,Normal,0.1652708594118396
CUST0477,2,2698.0,1349.0,2,2,2199.0,499.0,0.0,1,Normal,0.15973057430257787
CUST0478,6,25429.4,2542.94,18,10,14399.1,349.0,0.16666666666666666,1,Normal,0.17456291689089248
CUST0479,4,41898.1,5237.2625,11,7,33149.15,254.15,0.0,1,Normal,0.19227074092302904
CUST0480,1,799.0,799.0,1,1,799.0,799.0,0.0,1,Normal,0.086327808389776
CUST0481,7,56047.5,5604.75,14,9,31998.0,539.1,0.0,1,Normal,0.15770127892786762
CUST0482,5,34601.75,2883.4791666666665,19,11,18999.0,189.05,0.0,1,Normal,0.17646674776164162
CUST0483,5,61783.2,6864.799999999999,10,9,37049.05,192.0,0.4,1,Normal,0.14285519688205428
CUST0484,4,7325.2,1046.4571428571428,8,7,2519.1,349.0,0.0,1,Normal,0.20435307723675783
CUST0485,5,3001.9,500.31666666666666,7,5,1614.15,22.4,0.4,1,Normal,0.12828380672610212
CUST0486,9,23686.85,1480.428125,24,12,5998.0,224.1,0.0,1,Normal,0.1286502594835326
CUST0487,5,5024.15,717.7357142857143,10,6,1998.0,179.1,0.2,1,Normal,0.19463832783037593
CUST0488,5,16574.55,3314.91,7,5,11699.1,518.4,0.0,1,Normal,0.16988084142549165
CUST0489,8,14477.5,1206.4583333333333,13,11,3998.0,199.0,0.125,1,Normal,0.17834520924893182
CUST0490,7,11359.45,873.8038461538462,18,12,8397.0,28.0,0.0,1,Normal,0.14739353899629515
CUST0491,4,9393.35,2348.3375,7,4,4797.0,189.05,0.25,1,Normal,0.17103643494272086
CUST0492,7,20822.05,1156.7805555555556,22,16,2999.0,261.25,0.0,1,Normal,0.12285450013922539
CUST0493,7,224583.9,18715.325,19,11,131097.15,261.25,0.14285714285714285,-1,Anomaly,-0.06247493286816008
CUST0494,1,14848.2,7424.1,2,2,14399.1,449.1,1.0,-1,Anomaly,-0.028587548470880075
CUST0495,6,49570.200000000004,4957.02,10,9,38999.0,26.6,0.3333333333333333,1,Normal,0.14580399268724648
CUST0496,6,11809.5,1180.95,16,9,2397.0,26.6,0.0,1,Normal,0.17411361506782302
CUST0497,3,5392.1,1078.42,7,5,2659.05,172.8,0.0,1,Normal,0.20951547601790727
CUST0498,8,21888.55,1683.7346153846154,22,13,6597.0,26.6,0.0,1,Normal,0.1198817774590088
CUST0499,5,66132.35,6012.031818181818,15,11,38999.0,299.0,0.0,1,Normal,0.1676877521106877
CUST0500,6,13752.5,1719.0625,11,6,5398.2,449.1,0.0,1,Normal,0.18711733168606404
CUST0501,11,118592.65,5929.6325,29,16,70198.2,269.1,0.0,-1,Anomaly,-0.005823318405351552
CUST0502,3,22386.95,3198.1357142857146,11,7,11699.1,261.25,0.0,1,Normal,0.19538118657221282
CUST0503,9,24480.0,1748.5714285714287,21,13,11699.1,179.0,0.2222222222222222,1,Normal,0.12952209665917536
CUST0504,7,7886.599999999999,788.66,11,9,1619.1,161.1,0.2857142857142857,1,Normal,0.1728590189581492
CUST0505,1,1123.2,561.6,2,2,809.1,314.1,0.0,1,Normal,0.12709356949346073
CUST0506,4,18565.15,3094.191666666667,7,6,15999.0,384.0,0.25,1,Normal,0.17457827354257627
CUST0507,6,114633.75,8817.98076923077,20,13,87398.1,189.05,0.0,1,Normal,0.07498498930407882
CUST0508,6,49224.600000000006,4474.963636363637,13,10,43699.05,199.0,0.16666666666666666,1,Normal,0.18341566049662844
CUST0509,2,5121.7,1280.425,4,4,2239.2,339.15,0.0,1,Normal,0.17891895617881148
CUST0510,3,2667.6499999999996,533.53,5,5,999.0,189.05,0.0,1,Normal,0.1872707557571454
CUST0511,7,137802.2,10600.169230769232,17,11,56997.0,28.0,0.0,1,Normal,0.05983340146160265
CUST0512,6,45507.15,5688.39375,13,8,18999.0,269.1,0.0,1,Normal,0.18398074286398663
CUST0513,6,66145.65000000001,5512.137500000001,15,11,43699.05,199.0,0.16666666666666666,1,Normal,0.17668675705158726
CUST0514,6,29888.15,2988.815,13,9,18999.0,26.6,0.0,1,Normal,0.1745691519102966
CUST0515,5,45778.50000000001,5722.312500000001,9,7,43699.05,26.6,0.6,1,Normal,0.08678721054997529
CUST0516,7,19136.45,1913.645,12,9,14399.1,179.1,0.0,1,Normal,0.18972718865032667
CUST0517,4,5044.05,1008.8100000000001,6,5,2199.0,189.05,0.25,1,Normal,0.18939769229307746
CUST0518,3,79740.5,15948.1,7,5,43197.3,275.0,0.0,1,Normal,0.07394427368896006
CUST0519,10,60264.3,3348.016666666667,27,15,37998.0,84.0,0.0,1,Normal,0.05692897721140344
CUST0520,3,4526.2,905.24,9,5,1799.0,567.15,0.0,1,Normal,0.19262260855624935
CUST0521,3,7332.25,1833.0625,8,4,3798.1,379.05,0.0,1,Normal,0.19803159690573768
CUST0522,7,48711.7,3247.4466666666663,19,12,18999.0,28.0,0.0,1,Normal,0.13687180630419377
CUST0523,4,7244.05,1207.3416666666667,6,6,2199.0,299.0,0.25,1,Normal,0.1911864806190668
CUST0524,6,142602.59999999998,14260.259999999998,18,10,131097.15,189.05,0.0,1,Normal,0.013235103967781714
CUST0525,5,2570.6,285.6222222222222,12,9,45999.0,172.8,0.0,1,Normal,0.14739665563529164
CUST0526,4,5308.05,884.6750000000001,7,5,1999.2,42.0,0.25,1,Normal,0.1682016761250884
CUST0527,7,201957.1,12622.31875,20,15,74098.1,170.05,0.14285714285714285,-1,Anomaly,-0.005663775570990737
CUST0528,2,32784.05,10928.016666666668,6,3,31998.0,189.05,0.5,1,Normal,0.05807902669949272
CUST0529,3,3606.25,901.5625,4,4,1709.1,189.05,0.3333333333333333,1,Normal,0.16641514406396957
CUST0530,4,50774.1,10154.82,6,5,45999.0,398.0,0.0,1,Normal,0.1399634424453014
CUST0531,3,3396.05,849.0125,4,4,1999.0,199.0,0.3333333333333333,1,Normal,0.1684458450030975
CUST0532,2,4974.0,1243.5,5,4,4398.0,28.0,0.5,1,Normal,0.11520192690974274
CUST0533,2,588.8,147.2,6,3,429.6,159.2,0.0,1,Normal,0.1446068801668846
CUST0534,8,52114.4,3722.457142857143,20,14,35097.3,299.0,0.25,1,Normal,0.12867511933435194
CUST0535,7,13460.4,1223.6727272727273,14,10,3418.2,172.8,0.14285714285714285,1,Normal,0.19182439992888184
CUST0536,5,6841.799999999999,1140.3,9,6,2878.2,359.1,0.4,1,Normal,0.16884587071687895
CUST0537,2,3577.05,1788.525,3,2,3198.0,379.05,0.0,1,Normal,0.1707354570594446
CUST0538,2,43018.2,21509.1,2,2,41399.1,1619.1,0.5,-1,Anomaly,-0.08071965690681615
CUST0539,7,11903.55,1082.140909090909,14,10,1709.05,349.0,0.0,1,Normal,0.17586545682331178
CUST0540,7,60171.3,3539.4882352941177,20,14,45999.0,179.0,0.0,1,Normal,0.137817673477251
CUST0541,7,79178.6,4948.6625,25,15,24698.1,269.1,0.14285714285714285,1,Normal,0.11080256478407391
CUST0542,3,34154.7,5692.45,6,6,16149.15,899.1,0.0,1,Normal,0.12937429689265656
CUST0543,7,40416.3,3368.025,17,10,18049.05,56.0,0.14285714285714285,1,Normal,0.1540561292066135
CUST0544,9,74312.55,3911.186842105263,24,14,38999.0,261.25,0.0,1,Normal,0.11538573577519234
CUST0545,5,15875.199999999999,1763.911111111111,13,7,5697.0,179.1,0.4,1,Normal,0.1672746623685184
CUST0546,4,25855.35,2350.4863636363634,14,9,12999.0,199.0,0.25,1,Normal,0.19003679872624707
CUST0547,6,60037.7,4618.284615384615,18,11,15999.0,189.05,0.0,1,Normal,0.16060662825693467
CUST0548,2,1647.0,549.0,7,3,1647.0,56.0,0.0,1,Normal,0.15108234321432917
CUST0549,5,70420.95,5416.996153846154,17,12,38999.0,199.0,0.2,1,Normal,0.16093608512608593
CUST0550,7,22164.7,1477.6466666666668,20,12,4398.0,25.2,0.2857142857142857,1,Normal,0.12651086995357202
CUST0551,4,19564.350000000002,3912.8700000000003,6,4,14399.1,189.05,0.25,1,Normal,0.16172545356218904
CUST0552,6,70747.1,7860.788888888889,16,8,47997.0,199.0,0.0,1,Normal,0.17066765203687556
CUST0553,2,5896.0,1965.3333333333333,4,3,3998.0,399.0,0.0,1,Normal,0.18067597040327937
CUST0554,3,9038.8,1291.2571428571428,8,6,3298.5,424.15,0.3333333333333333,1,Normal,0.1782899194292143
CUST0555,2,3577.1,1192.3666666666666,3,3,1709.05,569.05,0.5,1,Normal,0.11305023476673659
CUST0556,4,47197.700000000004,9439.54,5,5,43699.05,521.55,0.25,1,Normal,0.10869416242517466
CUST0557,4,6176.3,882.3285714285714,7,7,1599.0,179.1,0.0,1,Normal,0.2048047550537288
CUST0558,7,11775.25,981.2708333333334,16,11,3598.2,179.1,0.0,1,Normal,0.18431314414611266
CUST0559,9,303702.2,13204.44347826087,40,21,137997.0,192.0,0.1111111111111111,-1,Anomaly,-0.1340453539403712
CUST0560,9,122796.0,6462.9473684210525,24,17,43699.05,179.1,0.1111111111111111,1,Normal,0.044281707665064673
CUST0561,5,64348.899999999994,7149.877777777777,19,8,33147.45,269.1,0.2,1,Normal,0.1519249060537069
CUST0562,8,59300.15,3488.244117647059,23,15,18999.0,179.0,0.125,1,Normal,0.12083022502726642
CUST0563,2,19332.0,3866.4,8,5,15999.0,537.0,0.0,1,Normal,0.15474233233199275
CUST0564,7,9996.6,1249.575,14,6,4178.1,275.0,0.0,1,Normal,0.18705870597303487
CUST0565,6,77127.65,5932.8961538461535,18,13,45999.0,224.1,0.0,1,Normal,0.15461084052399932
CUST0566,3,4073.6,1018.4,4,4,2499.0,199.0,0.3333333333333333,1,Normal,0.1708805977654062
CUST0567,5,119153.85,11915.385,18,10,91998.0,199.0,0.2,1,Normal,0.05644719340708504
CUST0568,2,2827.2,1413.6,3,2,2199.0,628.2,0.0,1,Normal,0.16267922626906056
CUST0569,6,9777.3,1222.1625,14,7,45999.0,199.0,0.16666666666666666,1,Normal,0.15835782599671172
CUST0570,4,57145.05,7143.13125,10,8,45999.0,599.0,0.25,1,Normal,0.14004397159281212
CUST0571,1,1799.1,1799.1,1,1,1799.1,1799.1,1.0,-1,Anomaly,-0.0619574904208684
CUST0572,4,5889.7,841.3857142857142,10,7,45999.0,182.4,0.25,1,Normal,0.14999763424827284
CUST0573,5,49536.0,4503.272727272727,14,11,38999.0,199.0,0.2,1,Normal,0.1750056263071602
CUST0574,4,41742.4,3794.7636363636366,11,11,35099.1,299.0,0.0,1,Normal,0.1731126047657141
CUST0575,4,49383.4,5487.044444444445,12,9,37998.0,299.0,0.25,1,Normal,0.17641397674489806
CUST0576,9,77252.1,3358.7869565217393,29,21,37049.05,172.8,0.1111111111111111,1,Normal,0.051707840021872786
CUST0577,10,23826.25,1323.6805555555557,25,16,4998.0,179.1,0.1,1,Normal,0.07528683476902376
CUST0578,5,5680.6,710.075,12,8,1798.0,192.0,0.2,1,Normal,0.19692137983285424
CUST0579,4,51992.850000000006,7427.550000000001,9,7,43699.05,25.2,0.25,1,Normal,0.13313919802902047
CUST0580,6,10158.65,1015.865,12,10,2499.0,189.05,0.3333333333333333,1,Normal,0.18318290192515257
CUST0581,7,105068.65,9551.695454545454,17,10,93597.6,179.1,0.0,1,Normal,0.09975854271482393
CUST0582,3,11765.7,1470.7125,11,8,3507.3,179.1,0.3333333333333333,1,Normal,0.18353457419636787
CUST0583,5,80554.3,13425.716666666667,8,4,38999.0,275.0,0.0,1,Normal,0.1089371186869399
CUST0584,6,57344.5,4778.708333333333,14,12,45999.0,182.4,0.3333333333333333,1,Normal,0.14902342060709056
CUST0585,8,160267.44999999998,13355.620833333332,18,12,111147.15,299.0,0.25,-1,Anomaly,-0.014495935301812812
CUST0586,7,24850.55,2070.8791666666666,20,11,10399.2,22.4,0.14285714285714285,1,Normal,0.1487998816247154
CUST0587,2,3888.35,972.0875,7,4,1707.15,189.05,0.0,1,Normal,0.1818905815365226
CUST0588,4,9541.5,1363.0714285714287,9,6,2848.1,378.1,0.0,1,Normal,0.20643086544284128
CUST0589,5,12393.0,1239.3,13,10,3238.2,179.0,0.2,1,Normal,0.20240187804489684
CUST0590,6,16796.2,1866.2444444444445,13,9,7557.3,22.4,0.0,1,Normal,0.17294761825669702
CUST0591,4,87033.79999999999,14505.633333333331,9,6,43197.3,639.2,0.25,1,Normal,0.0559280796522561
CUST0592,9,56835.5,4371.961538461538,20,12,33149.15,67.2,0.0,1,Normal,0.11487916036782009
CUST0593,7,10352.199999999999,941.1090909090908,13,11,4398.0,349.0,0.0,1,Normal,0.1739587091175357
CUST0594,4,6966.049999999999,1161.0083333333332,10,5,3837.6,161.1,0.0,1,Normal,0.20761894866909114
CUST0595,4,9802.1,1633.6833333333334,8,5,3897.0,299.0,0.0,1,Normal,0.2092395874893066
CUST0596,6,87176.5,12453.785714285714,9,7,70198.2,179.0,0.16666666666666666,1,Normal,0.09136840368462229
CUST0597,10,24786.100000000002,1180.2904761904763,32,17,36799.2,71.4,0.1,1,Normal,0.005745981983845239
CUST0598,4,15215.95,1690.6611111111113,12,9,5318.1,189.05,0.25,1,Normal,0.19376396665941326
CUST0599,5,140541.9,17567.7375,17,8,124197.3,597.0,0.2,-1,Anomaly,-0.021761280282599715
CUST0600,3,9166.5,1527.75,9,5,4857.3,179.0,0.6666666666666666,1,Normal,0.10513476372324015
CUST0601,2,4167.6,1041.9,5,4,2249.1,50.4,0.0,1,Normal,0.1544083428913895
CUST0602,2,2747.1,915.6999999999999,3,3,1599.0,449.1,0.0,1,Normal,0.17089076737113285
CUST0603,5,7219.25,1443.85,6,5,2799.0,359.1,0.2,1,Normal,0.1801160873603716
CUST0604,3,9768.4,1395.4857142857143,9,7,82798.2,179.1,0.0,1,Normal,0.11940154691418331
CUST0605,7,20779.6,1889.0545454545454,17,10,5398.2,284.05,0.0,1,Normal,0.1830955841634086
CUST0606,8,9010.300000000001,1001.1444444444446,14,9,116997.0,179.1,0.125,1,Normal,0.058193189257124134
CUST0607,4,52126.200000000004,6515.775000000001,10,8,39099.15,211.65,0.25,1,Normal,0.16978861134529583
CUST0608,10,82745.0,3447.7083333333335,34,20,30398.1,399.0,0.3,-1,Anomaly,-0.0070227856493920715
CUST0609,5,43075.4,3915.9454545454546,15,11,18049.05,359.1,0.0,1,Normal,0.1669888894064674
CUST0610,4,24548.5,3068.5625,9,8,18999.0,314.1,0.0,1,Normal,0.1994765971826768
CUST0611,5,17189.95,2455.707142857143,8,5,12349.05,449.1,0.0,1,Normal,0.18560563084643067
CUST0612,8,40483.75,3680.340909090909,13,10,34198.2,143.2,0.375,1,Normal,0.13122815837934326
CUST0613,6,13932.400000000001,1266.5818181818183,15,11,4748.1,170.05,0.3333333333333333,1,Normal,0.17302507395069477
CUST0614,4,143891.1,28778.22,9,5,137997.0,399.0,0.0,-1,Anomaly,-0.0794295408231247
CUST0615,4,41274.5,5159.3125,10,8,35099.1,172.8,0.5,1,Normal,0.1319803748092464
CUST0616,6,5138.5,642.3125,10,7,5997.0,179.1,0.0,1,Normal,0.202665862912059
CUST0617,7,76298.05,6358.170833333334,22,11,45999.0,399.0,0.2857142857142857,1,Normal,0.11420920586322464
CUST0618,9,69924.0,4370.25,28,14,38997.0,189.05,0.1111111111111111,1,Normal,0.11740225627360806
CUST0619,6,60104.75,5008.729166666667,21,11,29247.75,169.15,0.0,1,Normal,0.1570262641668808
CUST0620,2,7429.4,1061.3428571428572,11,6,2999.0,359.1,0.0,1,Normal,0.17851352448251906
CUST0621,6,6903.4,862.925,10,8,2199.0,192.0,0.16666666666666666,1,Normal,0.19817371317066668
CUST0622,7,28836.8,1696.2823529411764,23,14,5998.0,25.2,0.2857142857142857,1,Normal,0.08721477072207195
CUST0623,3,9696.05,3232.0166666666664,4,3,4998.0,1899.05,0.0,1,Normal,0.08736299365884426
CUST0624,1,33573.3,16786.65,2,2,33149.15,424.15,0.0,1,Normal,0.02253466168907403
CUST0625,7,84229.5,6479.192307692308,18,11,31998.0,84.0,0.2857142857142857,1,Normal,0.12642146904573914
CUST0626,8,34826.65,2902.2208333333333,15,10,12349.05,26.6,0.0,1,Normal,0.1459024208178022
CUST0627,6,156464.75,15646.475,16,7,43699.05,699.0,0.0,1,Normal,0.0015690450244590926
CUST0628,6,12818.7,1424.3000000000002,14,7,3897.0,249.0,0.16666666666666666,1,Normal,0.2002977601511245
CUST0629,5,47089.5,4280.863636363636,15,10,38999.0,179.1,0.0,1,Normal,0.1836769013977299
CUST0630,5,90288.65,7524.054166666666,15,12,45999.0,170.05,0.0,1,Normal,0.15240108177478667
CUST0631,9,15621.85,1201.6807692307693,18,12,2558.4,144.0,0.1111111111111111,1,Normal,0.14459602078687644
CUST0632,10,65361.25,4085.078125,22,14,38999.0,269.1,0.1,1,Normal,0.09706732322309186
CUST0633,5,10622.1,1327.7625,9,7,2089.05,182.4,0.2,1,Normal,0.20109032970120494
CUST0634,5,38731.4,3873.1400000000003,14,10,25998.0,224.1,0.2,1,Normal,0.1781712216485199
CUST0635,7,49188.25,3513.4464285714284,18,12,36098.1,182.4,0.14285714285714285,1,Normal,0.16979895703078968
CUST0636,6,44902.9,3207.35,19,12,87747.75,539.1,0.16666666666666666,1,Normal,0.10543569741837278
CUST0637,15,82400.45,2746.6816666666664,45,25,31199.2,42.0,0.06666666666666667,-1,Anomaly,-0.07555348685968788
CUST0638,6,10880.0,836.9230769230769,20,11,5318.1,172.8,0.16666666666666666,1,Normal,0.1695220102538174
CUST0639,8,77710.1,5180.673333333334,21,15,41399.1,189.05,0.25,1,Normal,0.11539745793036532
CUST0640,2,1496.3,748.15,4,2,1138.1,358.2,0.0,1,Normal,0.16484775519861516
CUST0641,8,23993.600000000002,1262.821052631579,32,15,4587.45,299.25,0.125,1,Normal,0.08360739818045315
CUST0642,1,3988.1000000000004,1994.0500000000002,2,2,2089.05,1899.05,0.0,1,Normal,0.06626064310449864
CUST0643,7,62428.5,5675.318181818182,17,9,45597.15,284.05,0.14285714285714285,1,Normal,0.1651745680888561
CUST0644,4,54630.55,7804.364285714286,9,6,45999.0,236.55,0.0,1,Normal,0.16093000598408808
CUST0645,9,16291.35,1253.1807692307693,18,12,5697.0,170.05,0.1111111111111111,1,Normal,0.14733607097657203
CUST0646,4,43578.3,4842.033333333334,13,9,20798.4,199.2,0.0,1,Normal,0.18769515552074506
CUST0647,7,107169.90000000001,6698.118750000001,23,11,30398.4,143.2,0.14285714285714285,1,Normal,0.0979739907493124
CUST0648,4,4440.299999999999,493.36666666666656,13,9,3608.1,170.05,0.0,1,Normal,0.2025073654790619
CUST0649,6,10258.3,1465.4714285714285,10,7,3418.1,56.0,0.16666666666666666,1,Normal,0.17727599405592925
CUST0650,8,10385.35,692.3566666666667,21,13,12999.0,192.0,0.0,1,Normal,0.1484507137093688
CUST0651,4,11294.8,2258.96,9,5,6297.75,489.6,0.25,1,Normal,0.171883266117818
CUST0652,5,24858.199999999997,2259.8363636363633,12,10,18049.05,199.0,0.2,1,Normal,0.18713727373989802
CUST0653,5,2226.1,445.21999999999997,6,5,1519.05,629.1,0.2,1,Normal,0.15169536968467534
CUST0654,5,8742.35,1457.0583333333334,9,6,4797.0,170.05,0.0,1,Normal,0.20321725682432046
CUST0655,7,32945.15,3660.5722222222225,15,9,15999.0,499.0,0.14285714285714285,1,Normal,0.16356119953781123
CUST0656,6,18794.85,1342.4892857142856,18,11,5318.1,284.05,0.3333333333333333,1,Normal,0.15703199980127014
CUST0657,4,8454.2,1690.8400000000001,6,4,3198.0,539.1,0.25,1,Normal,0.17107930939126176
CUST0658,3,1792.4,448.1,8,4,538.2,358.2,0.0,1,Normal,0.17529372105684893
CUST0659,9,69886.25,4110.955882352941,25,16,45999.0,284.05,0.3333333333333333,1,Normal,0.0662915858767591
CUST0660,8,120347.4,8023.16,24,11,45999.0,199.0,0.125,1,Normal,0.08201345570146035
CUST0661,7,146490.75,13317.34090909091,16,9,137997.0,172.8,0.14285714285714285,1,Normal,0.016624310103124706
CUST0662,3,49513.2,7073.314285714286,7,6,45999.0,249.0,0.0,1,Normal,0.14478536003655412
CUST0663,5,11270.1,1252.2333333333333,10,9,2799.0,349.0,0.2,1,Normal,0.1939709561845787
CUST0664,6,36017.45,3274.3136363636363,13,11,18049.05,179.0,0.16666666666666666,1,Normal,0.18848465149278631
CUST0665,7,48129.35,3702.257692307692,16,12,41399.1,299.0,0.0,1,Normal,0.1591610829612669
CUST0666,6,31547.649999999998,2867.9681818181816,18,10,12349.05,189.05,0.0,1,Normal,0.189237508456561
CUST0667,6,145608.2,12134.016666666668,16,11,38999.0,25.2,0.0,1,Normal,0.061807358469354035
CUST0668,3,3207.1,1069.0333333333333,3,3,1799.0,599.0,0.0,1,Normal,0.18026847819414427
CUST0669,6,74196.3,8244.033333333333,10,9,43699.05,179.0,0.16666666666666666,1,Normal,0.161289983871087
CUST0670,3,3023.0,604.6,7,5,1798.0,179.0,0.0,1,Normal,0.2021688016899859
CUST0671,8,11301.95,869.3807692307693,21,11,4047.3,179.1,0.125,1,Normal,0.1535189876363227
CUST0672,6,13933.000000000002,1741.6250000000002,9,7,11699.1,220.0,0.3333333333333333,1,Normal,0.17260495598173659
CUST0673,5,22752.55,2068.413636363636,16,11,8997.0,182.4,0.0,1,Normal,0.19061626565288464
CUST0674,3,67108.35,8388.54375,12,8,54147.15,199.0,0.0,1,Normal,0.1537529629200845
CUST0675,2,2896.3,1448.15,4,2,2697.3,199.0,0.0,1,Normal,0.16815522617244938
CUST0676,4,6031.15,1206.23,7,5,3598.0,192.0,0.25,1,Normal,0.19008019049150915
CUST0677,5,12188.0,1523.5,16,8,41399.1,299.0,0.2,1,Normal,0.16358147664434342
CUST0678,7,68282.2,8535.275,12,8,41399.1,172.8,0.0,1,Normal,0.161131033166507
CUST0679,5,6258.35,894.0500000000001,14,7,8997.0,854.05,0.0,1,Normal,0.14896491199241274
CUST0680,7,16654.65,1189.6178571428572,24,11,2799.0,199.0,0.14285714285714285,1,Normal,0.16044790941604942
CUST0681,2,7995.0,3997.5,5,2,5598.0,2397.0,0.0,1,Normal,0.03310920387793648
CUST0682,5,18256.65,2608.092857142857,9,5,14399.1,379.05,0.0,1,Normal,0.18990910726055427
CUST0683,4,13957.699999999999,1744.7124999999999,13,8,3608.1,568.1,0.0,1,Normal,0.19462252023910726
CUST0684,2,798.4,266.1333333333333,4,3,798.4,224.1,0.5,1,Normal,0.08870309384495234
CUST0685,1,1098.0,1098.0,2,1,1098.0,1098.0,1.0,-1,Anomaly,-0.024725878070612772
CUST0686,3,7393.0,821.4444444444445,13,8,3897.0,199.0,0.0,1,Normal,0.20869376796233174
CUST0687,8,58982.850000000006,4213.060714285714,22,14,43699.05,299.0,0.25,1,Normal,0.12288822025571355
CUST0688,8,22789.899999999998,1519.3266666666666,21,14,37998.0,314.1,0.125,1,Normal,0.12893092737238954
CUST0689,8,150385.94999999998,12532.162499999999,14,11,73598.4,169.15,0.125,1,Normal,0.03976128142646296
CUST0690,9,8827.8,735.65,16,10,1619.1,169.15,0.1111111111111111,1,Normal,0.15958256612236194
CUST0691,6,197266.25,16438.854166666668,17,11,110397.6,152.15,0.16666666666666666,-1,Anomaly,-0.015030642585824316
CUST0692,11,124540.05,6554.739473684211,26,15,77998.0,269.1,0.18181818181818182,-1,Anomaly,-0.0062351181030427805
CUST0693,6,9884.7,988.47,13,10,2799.0,236.55,0.3333333333333333,1,Normal,0.1794227032560743
CUST0694,2,2716.6,1358.3,4,2,2292.45,424.15,0.0,1,Normal,0.16895463626312152
CUST0695,4,14444.5,2063.5,11,6,3418.1,474.05,0.0,1,Normal,0.19379985655101656
CUST0696,6,27409.3,2108.4076923076923,17,12,12349.05,161.1,0.0,1,Normal,0.17762664050351268
CUST0697,9,53423.600000000006,4109.507692307693,15,11,45999.0,179.1,0.0,1,Normal,0.14812218479600936
CUST0698,2,899.0,449.5,3,2,899.0,398.0,0.0,1,Normal,0.15475016819194165
CUST0699,2,3098.0,1549.0,2,2,2799.0,299.0,0.5,1,Normal,0.0970275665959539
CUST0700,6,33836.0,3383.6,14,8,15199.05,522.5,0.3333333333333333,1,Normal,0.15233177132304393
CUST0701,4,4089.5499999999997,454.3944444444444,11,8,1619.1,71.4,0.0,1,Normal,0.1845177812845567
CUST0702,4,4203.85,600.5500000000001,9,7,1619.1,279.2,0.0,1,Normal,0.2043857886502184
CUST0703,9,213157.4,13322.3375,22,14,91998.0,284.05,0.1111111111111111,-1,Anomaly,-0.02843330879752648
CUST0704,8,13609.15,1046.8576923076923,17,10,1999.0,161.1,0.125,1,Normal,0.1741677138118008
CUST0705,5,11657.9,1457.2375,12,7,3897.0,499.0,0.0,1,Normal,0.19169322306309788
CUST0706,2,2616.3500000000004,1308.1750000000002,4,2,2427.3,189.05,0.0,1,Normal,0.16867142397707285
CUST0707,3,5783.5,963.9166666666666,7,6,1899.0,199.0,0.6666666666666666,1,Normal,0.10653386220664712
CUST0708,6,7887.1,985.8875,13,7,1999.0,349.0,0.16666666666666666,1,Normal,0.19119778317854813
CUST0709,5,24372.2,2708.0222222222224,9,9,18999.0,170.05,0.2,1,Normal,0.18601840863829472
CUST0710,6,51868.1,6483.5125,8,6,45999.0,299.0,0.16666666666666666,1,Normal,0.14487525681767677
CUST0711,2,1943.6999999999998,485.92499999999995,4,4,664.05,189.05,0.5,1,Normal,0.11078591118126707
CUST0712,4,19593.0,2799.0,9,7,18999.0,599.0,0.0,1,Normal,0.18722331361933814
CUST0713,5,44701.5,4470.15,12,8,35099.1,179.1,0.0,1,Normal,0.1891184940859843
CUST0714,6,25977.3,2164.775,16,10,15999.0,199.0,0.0,1,Normal,0.1926294797641886
CUST0715,4,13029.5,1302.95,11,9,4498.2,349.0,0.25,1,Normal,0.18897216403635736
CUST0716,4,3404.35,851.0875,7,4,1598.4,169.15,0.0,1,Normal,0.19356557075471748
CUST0717,8,59891.5,3743.21875,22,14,43699.05,189.05,0.0,1,Normal,0.13484554880815192
CUST0718,3,8994.2,1798.8400000000001,6,5,3038.1,299.0,0.0,1,Normal,0.20390312569821123
CUST0719,1,179.0,179.0,1,1,179.0,179.0,0.0,1,Normal,0.07290603688681996
CUST0720,5,57902.55,7237.81875,10,7,51297.3,189.05,0.0,1,Normal,0.17163658423659878
CUST0721,4,11620.1,2324.02,10,5,3998.0,698.0,0.0,1,Normal,0.17396846093761686
CUST0722,7,32398.3,3599.811111111111,13,9,18049.05,275.0,0.14285714285714285,1,Normal,0.17822299249749474
CUST0723,7,13637.5,1049.0384615384614,15,12,2549.15,339.15,0.0,1,Normal,0.17302401765135988
CUST0724,7,34486.75,2873.8958333333335,16,10,18999.0,261.25,0.2857142857142857,1,Normal,0.1633281245670622
CUST0725,4,2141.2,305.88571428571424,9,5,2374.05,28.0,0.25,1,Normal,0.1505331634187581
CUST0726,2,7363.05,1840.7625,7,4,2999.0,569.05,0.0,1,Normal,0.17733642564443702
CUST0727,3,1712.1,570.6999999999999,6,3,1347.3,364.8,0.0,1,Normal,0.1842369929183662
CUST0728,4,19252.699999999997,3850.5399999999995,8,5,15199.05,189.05,0.0,1,Normal,0.19701311892380824
CUST0729,3,18281.55,2285.19375,11,6,15999.0,236.55,0.0,1,Normal,0.1929254272631839
CUST0730,6,7730.25,966.28125,11,8,2097.0,539.1,0.16666666666666666,1,Normal,0.1787408051500184
CUST0731,5,51150.8,3653.628571428572,18,14,31998.0,247.5,0.0,1,Normal,0.14996418443989062
CUST0732,3,4577.4,1525.8,6,3,3228.3,429.6,0.0,1,Normal,0.19214446005019942
CUST0733,6,37272.45,6212.075,8,5,35099.1,189.05,0.0,1,Normal,0.16374846422170664
CUST0734,6,62043.799999999996,4772.599999999999,17,12,45999.0,449.1,0.3333333333333333,1,Normal,0.12835749141756375
CUST0735,7,14060.1,1757.5125,12,7,5598.0,269.1,0.2857142857142857,1,Normal,0.1681488552057357
CUST0736,9,131869.25,6940.486842105263,28,13,45999.0,26.6,0.1111111111111111,1,Normal,0.030296368217990755
CUST0737,4,3679.3999999999996,367.93999999999994,12,9,3038.1,182.4,0.0,1,Normal,0.2005736682473892
CUST0738,4,3608.1000000000004,601.35,7,5,2659.05,179.0,0.0,1,Normal,0.20482691527268337
CUST0739,2,331.55,165.775,2,2,2849.05,331.55,0.0,1,Normal,0.1433184988730158
CUST0740,4,20026.6,1668.8833333333332,17,12,5997.0,189.05,0.25,1,Normal,0.17084425413652138
CUST0741,7,132435.15,13243.515,13,10,91998.0,179.0,0.14285714285714285,1,Normal,0.06646896285758808
CUST0742,3,3102.1,1034.0333333333333,3,3,2519.1,23.8,0.3333333333333333,1,Normal,0.12430344675726446
CUST0743,3,42222.05,14074.016666666668,3,3,38999.0,1424.05,0.0,1,Normal,0.011456628807425262
CUST0744,5,10687.0,1335.875,13,6,2697.0,549.0,0.6,1,Normal,0.11064962342802687
CUST0745,5,80305.85,11472.264285714287,8,7,41399.1,199.0,0.0,1,Normal,0.1487008084890047
CUST0746,1,4909.599999999999,1636.533333333333,5,3,4557.15,170.05,1.0,1,Normal,0.02608345832206327
CUST0747,7,14288.95,1190.7458333333334,16,11,5397.3,247.5,0.0,1,Normal,0.18434179492559832
CUST0748,6,34838.25,3483.825,16,10,18999.0,170.05,0.3333333333333333,1,Normal,0.16663570442369596
CUST0749,6,100320.35,5280.018421052632,26,16,45999.0,199.0,0.0,1,Normal,0.08782433846736853
CUST0750,8,36841.0,3349.181818181818,17,11,15999.0,379.05,0.375,1,Normal,0.12854732827460041
CUST0751,2,10086.95,1260.86875,11,8,2549.15,304.3,0.0,1,Normal,0.17927440050025734
CUST0752,7,7351.2,668.290909090909,17,9,1999.0,25.2,0.2857142857142857,1,Normal,0.14370569238022995
CUST0753,6,31501.55,2625.1291666666666,14,11,18049.05,379.05,0.0,1,Normal,0.1809898602039452
CUST0754,4,4885.2,1221.3,8,4,4047.75,163.2,0.25,1,Normal,0.1839369728581211
CUST0755,3,9884.199999999999,2471.0499999999997,7,4,5097.45,799.2,0.3333333333333333,1,Normal,0.14167255273306456
CUST0756,6,11832.650000000001,1075.6954545454546,12,11,1699.15,161.1,0.16666666666666666,1,Normal,0.18893643786581854
CUST0757,3,4935.25,1233.8125,7,3,4557.15,172.8,0.0,1,Normal,0.19551554980843783
CUST0758,5,44619.25,5577.40625,10,7,37049.05,314.1,0.0,1,Normal,0.18911683683114633
CUST0759,3,3298.1,1099.3666666666666,3,3,1799.1,1169.1,0.0,1,Normal,0.14232093160260528
CUST0760,4,1819.6,454.9,4,4,1349.1,236.55,0.0,1,Normal,0.18187480041051451
CUST0761,4,51820.35,6477.54375,12,8,41399.1,233.75,0.0,1,Normal,0.1826983248525163
CUST0762,6,11400.7,1140.0700000000002,15,10,3798.1,26.6,0.16666666666666666,1,Normal,0.17622350864506392
CUST0763,5,6554.3,819.2875,11,7,2598.0,192.0,0.2,1,Normal,0.20200186270123405
CUST0764,8,48702.75,2864.8676470588234,21,16,15999.0,170.05,0.125,1,Normal,0.11511518479634808
CUST0765,6,27782.9,2525.718181818182,12,10,18999.0,179.1,0.0,1,Normal,0.19258345917304898
CUST0766,4,42607.1,8521.42,6,5,38999.0,1519.05,0.0,1,Normal,0.0674950802294898
CUST0767,10,84757.75,3685.1195652173915,29,22,45999.0,172.8,0.1,1,Normal,0.02539987328121851
CUST0768,2,16977.25,2829.5416666666665,7,6,12349.05,28.0,0.0,1,Normal,0.13599304015864638
CUST0769,4,18610.3,2326.2875,11,8,5697.15,170.05,0.25,1,Normal,0.18979217694757783
CUST0770,2,5330.55,1776.8500000000001,5,3,3238.2,988.2,0.0,1,Normal,0.14830466370889644
CUST0771,3,6694.7,1338.94,7,5,5398.2,25.2,0.0,1,Normal,0.18061118590880598
CUST0772,2,3353.25,1117.75,5,3,1529.15,296.65,0.0,1,Normal,0.17564395242177516
CUST0773,2,2596.0,865.3333333333334,4,3,1299.0,398.0,0.0,1,Normal,0.17432357975253338
CUST0774,4,32359.3,3235.93,16,10,15199.05,349.0,0.5,1,Normal,0.12209266803141605
CUST0775,3,51144.5,10228.9,6,5,35099.1,299.0,0.0,1,Normal,0.13534229948934368
CUST0776,6,30907.55,2060.503333333333,25,14,17099.1,319.2,0.3333333333333333,1,Normal,0.11439536360992253
CUST0777,5,2512.45,314.05625,11,8,4557.15,161.1,0.0,1,Normal,0.1924795688918473
CUST0778,5,22368.600000000002,2796.0750000000003,9,8,14399.1,161.1,0.0,1,Normal,0.19613456937830231
CUST0779,8,24063.25,2005.2708333333333,19,12,7647.45,25.2,0.0,1,Normal,0.13223601308237337
CUST0780,5,13488.5,1348.85,15,9,3897.0,189.05,0.2,1,Normal,0.19993761035277013
CUST0781,4,7798.4,1559.6799999999998,7,5,3418.2,549.0,0.25,1,Normal,0.18040660643772477
CUST0782,8,29647.35,2695.2136363636364,13,9,18999.0,25.2,0.375,1,Normal,0.11668118814946393
CUST0783,5,99974.7,12496.8375,12,6,41399.1,254.15,0.0,1,Normal,0.12748641948375822
CUST0784,3,9641.0,1606.8333333333333,9,6,3998.0,199.0,0.3333333333333333,1,Normal,0.17974576380827673
CUST0785,7,30564.35,3056.435,11,9,18049.05,199.0,0.0,1,Normal,0.18473611753617414
CUST0786,5,43737.15,4859.683333333333,13,8,25998.0,199.0,0.0,1,Normal,0.18822584590814956
CUST0787,6,49641.35,4136.779166666666,20,12,22098.3,22.4,0.0,1,Normal,0.1394789144741545
CUST0788,5,6837.1,1139.5166666666667,9,6,2499.0,179.0,0.4,1,Normal,0.17000047490516257
CUST0789,4,7020.200000000001,1404.0400000000002,6,4,2849.05,399.0,0.0,1,Normal,0.19628645303411518
CUST0790,4,9363.05,1040.3388888888887,12,8,2374.05,199.0,0.25,1,Normal,0.20028860554755556
CUST0791,4,47939.6,6848.5142857142855,11,7,36098.1,189.05,0.0,1,Normal,0.18990830052885244
CUST0792,8,48813.299999999996,3486.6642857142856,18,12,35099.1,159.2,0.125,1,Normal,0.15224736538165634
CUST0793,3,3556.75,1185.5833333333333,4,3,1759.2,679.15,0.0,1,Normal,0.17935384272104188
CUST0794,10,19678.45,1093.2472222222223,21,16,37049.05,182.4,0.1,1,Normal,0.06707472352579735
CUST0795,4,6870.8,1145.1333333333334,7,6,2468.1,236.55,0.5,1,Normal,0.14576812337704037
CUST0796,4,21455.25,1950.4772727272727,11,10,12799.2,159.2,0.25,1,Normal,0.1774803601706983
CUST0797,5,83424.1,10428.0125,11,7,77998.0,179.0,0.0,1,Normal,0.13924979149128996
CUST0798,4,31596.2,6319.24,7,5,28798.2,349.0,0.25,1,Normal,0.14295711352501927
CUST0799,3,7095.1,1773.775,5,4,3798.1,199.0,0.3333333333333333,1,Normal,0.16940532653475937
CUST0800,8,90039.7,6002.6466666666665,19,13,47997.0,182.4,0.25,1,Normal,0.11385018388165491
CUST0801,2,16194.0,3238.8,6,5,12999.0,299.0,0.5,1,Normal,0.11598167188953934
CUST0802,5,75262.20000000001,6271.850000000001,13,10,39099.15,23.8,0.0,1,Normal,0.15271617027362816
CUST0803,7,45621.9,3801.8250000000003,16,11,29249.25,314.1,0.14285714285714285,1,Normal,0.1700921370336787
CUST0804,4,14185.4,1773.175,12,8,6267.15,199.0,0.0,1,Normal,0.21089034044152838
CUST0805,9,15495.0,1408.6363636363637,16,11,4797.0,172.8,0.2222222222222222,1,Normal,0.15523634408757392
CUST0806,6,77294.25,7729.425,15,8,37049.05,247.5,0.0,1,Normal,0.1668005001525229
CUST0807,7,51175.4,4264.616666666667,16,11,41399.1,172.8,0.14285714285714285,1,Normal,0.1726054623038044
CUST0808,6,34017.9,4859.7,11,7,15199.05,53.2,0.16666666666666666,1,Normal,0.16411453193143355
CUST0809,3,1860.15,465.0375,5,4,899.0,189.05,0.3333333333333333,1,Normal,0.15328594344753094
CUST0810,5,43485.899999999994,4348.589999999999,15,10,18999.0,358.2,0.6,1,Normal,0.09761863240540336
CUST0811,4,120763.2,24152.64,7,4,77998.0,179.0,0.0,-1,Anomaly,-0.0164450440452949
CUST0812,7,13142.1,938.7214285714286,23,13,3598.0,269.1,0.2857142857142857,1,Normal,0.12629474546468333
CUST0813,6,55773.899999999994,4647.825,18,11,17099.1,170.05,0.3333333333333333,1,Normal,0.13732383247109253
CUST0814,5,6122.5,765.3125,10,6,1424.05,170.05,0.2,1,Normal,0.19128087616148598
CUST0815,4,73868.65,14773.73,8,5,68998.5,298.5,0.0,1,Normal,0.0849948677931307
CUST0816,7,8569.75,856.975,11,8,4998.0,199.0,0.14285714285714285,1,Normal,0.1849828288453656
CUST0817,8,189280.75,12618.716666666667,20,15,70198.2,199.0,0.125,1,Normal,0.002022139839758186
CUST0818,2,3211.2,802.8,4,4,1649.25,21.0,0.5,1,Normal,0.10259002991482707
CUST0819,3,37263.399999999994,4140.377777777777,12,9,18049.05,379.05,0.3333333333333333,1,Normal,0.15522515406556836
CUST0820,9,17830.9,1048.8764705882354,23,17,7137.45,143.2,0.0,1,Normal,0.07546668581605176
CUST0821,4,4579.65,654.2357142857143,10,6,1799.1,269.1,0.0,1,Normal,0.20697911285350917
CUST0822,5,45353.7,9070.74,8,4,35099.1,719.1,0.2,1,Normal,0.10771216890834973
CUST0823,1,615.6,307.8,2,2,331.55,284.05,0.0,1,Normal,0.11553689604914213
CUST0824,1,3348.0,1674.0,2,2,2799.0,549.0,0.0,1,Normal,0.13984449036427643
CUST0825,7,13689.8,1140.8166666666666,14,12,3998.0,199.0,0.14285714285714285,1,Normal,0.1808513937774191
CUST0826,6,21760.45,1813.3708333333334,14,11,11699.1,179.1,0.3333333333333333,1,Normal,0.1753586187848431
CUST0827,3,22614.2,3230.6,11,7,18999.0,179.0,0.0,1,Normal,0.19583033439735015
CUST0828,6,99867.34999999999,9078.849999999999,15,10,35099.1,314.1,0.16666666666666666,1,Normal,0.1391627730926196
CUST0829,7,49387.05,4115.587500000001,16,12,36098.1,189.05,0.14285714285714285,1,Normal,0.17260850138314976
CUST0830,3,6994.0,1748.5,6,4,2499.0,698.0,0.3333333333333333,1,Normal,0.15687881516413033
CUST0831,5,84173.05,10521.63125,10,8,38999.0,192.0,0.0,1,Normal,0.15980884434804266
CUST0832,3,40377.95,3670.722727272727,19,10,27198.3,50.4,0.3333333333333333,1,Normal,0.1269600123007386
CUST0833,5,28879.5,2625.409090909091,17,11,12999.0,25.2,0.0,1,Normal,0.16337003343372686
CUST0834,4,9574.35,1914.8700000000001,9,4,5397.3,379.05,0.25,1,Normal,0.17632878824466997
CUST0835,8,37513.2,3126.1,15,10,28798.2,249.0,0.25,1,Normal,0.15821252650277368
CUST0836,9,128090.74999999999,8005.671874999999,26,14,116997.0,25.2,0.1111111111111111,-1,Anomaly,-0.015945803131353076
CUST0837,5,83938.35,13989.725,12,6,37049.05,498.0,0.0,1,Normal,0.09794900952035623
CUST0838,3,6935.05,1733.7625,5,4,5998.0,189.05,0.3333333333333333,1,Normal,0.1633655998350299
CUST0839,5,8724.65,969.4055555555556,14,9,7497.0,199.0,0.2,1,Normal,0.19309772020678345
CUST0840,9,56611.75,3538.234375,17,16,30398.4,169.15,0.1111111111111111,1,Normal,0.11356675636979408
CUST0841,6,36804.15,3067.0125000000003,16,9,18999.0,349.0,0.16666666666666666,1,Normal,0.18082854297388207
CUST0842,5,9495.3,1356.4714285714285,10,7,2999.0,314.1,0.0,1,Normal,0.20934909786536038
CUST0843,6,60391.3,6039.13,19,10,38999.0,199.0,0.16666666666666666,1,Normal,0.1703601935647968
CUST0844,7,49081.5,3775.5,16,12,38999.0,199.0,0.14285714285714285,1,Normal,0.17108425779802422
CUST0845,6,23029.25,1644.9464285714287,19,13,3738.3,509.15,0.0,1,Normal,0.14538094533849427
CUST0846,7,127946.2,11631.472727272727,17,11,70198.2,261.25,0.0,1,Normal,0.07771852576763266
CUST0847,6,77707.6,11101.085714285715,9,7,68998.5,199.2,0.16666666666666666,1,Normal,0.11462120790828839
CUST0848,5,67656.6,7517.400000000001,16,7,66298.3,345.6,0.0,1,Normal,0.14340670917173104
CUST0849,5,20915.8,2987.9714285714285,14,7,7647.45,345.6,0.0,1,Normal,0.1937247616155225
CUST0850,3,6984.35,1396.8700000000001,6,5,2089.05,179.1,0.0,1,Normal,0.20814325407684925
CUST0851,5,63532.5,5294.375,18,11,54147.15,189.05,0.2,1,Normal,0.1557814728561457
CUST0853,6,62592.549999999996,4470.896428571428,20,10,41399.1,143.2,0.0,1,Normal,0.1602079074896693
CUST0854,4,41177.74999999999,5882.535714285713,8,7,35099.1,233.75,0.0,1,Normal,0.18028255429784057
CUST0855,4,50105.1,7157.871428571429,10,7,25998.0,664.05,0.25,1,Normal,0.1386144724571584
CUST0856,6,117699.9,10699.990909090908,15,10,66298.3,169.15,0.0,1,Normal,0.10557568146021196
CUST0857,2,29059.65,5811.93,8,5,25998.0,299.0,0.0,1,Normal,0.14904924668794106
CUST0858,3,13498.0,2699.6,7,5,12999.0,199.0,0.0,1,Normal,0.19116298420017258
CUST0859,6,36621.75,3329.25,15,10,25998.0,182.4,0.0,1,Normal,0.18755231407131012
CUST0860,4,13598.55,2266.4249999999997,12,5,8547.15,398.0,0.0,1,Normal,0.1962232195603122
CUST0861,8,44834.4,3448.8,18,11,25998.0,179.1,0.0,1,Normal,0.15626220073337738
CUST0862,8,61674.7,3627.9235294117643,23,14,24698.1,161.1,0.125,1,Normal,0.11867303810278962
CUST0863,4,12548.800000000001,1254.88,16,9,4797.6,159.2,0.0,1,Normal,0.1994502530539755
CUST0864,4,10708.75,1338.59375,12,8,3598.0,53.2,0.0,1,Normal,0.19480510561890768
CUST0865,3,2645.85,440.97499999999997,7,6,899.1,25.2,0.0,1,Normal,0.16125529562874658
CUST0866,5,4950.05,450.00454545454545,14,11,1899.05,249.0,0.2,1,Normal,0.16862617966366622
CUST0867,3,20231.0,4046.2,7,5,17099.1,161.1,0.0,1,Normal,0.17808479765363616
CUST0868,5,13603.65,1133.6375,18,10,2998.0,275.0,0.0,1,Normal,0.19011303169063698
CUST0869,2,36888.549999999996,7377.709999999999,7,5,30398.1,284.05,0.5,1,Normal,0.08338767806036412
CUST0870,4,6333.05,1055.5083333333334,7,6,3598.0,189.05,0.25,1,Normal,0.19387692119208744
CUST0871,10,20393.65,1359.5766666666668,19,14,4178.1,179.0,0.2,1,Normal,0.1043865799587273
CUST0872,3,48272.55,6034.06875,10,8,18999.0,199.0,0.0,1,Normal,0.17686571349763164
CUST0873,7,20377.8,1852.5272727272727,19,11,10399.2,169.15,0.2857142857142857,1,Normal,0.1625532196014426
CUST0874,6,82060.6,9117.844444444445,18,8,38999.0,322.2,0.0,1,Normal,0.15442023841722546
CUST0875,4,4264.4,533.05,10,8,1709.05,189.05,0.0,1,Normal,0.20728648549562112
CUST0876,7,47934.15000000001,4793.415000000001,15,10,37049.05,331.55,0.2857142857142857,1,Normal,0.16083031463138558
CUST0877,7,9158.1,654.15,19,14,2998.0,179.0,0.0,1,Normal,0.15061006090599605
CUST0878,4,42272.75,8454.55,8,5,40797.45,50.4,0.0,1,Normal,0.14292016671580887
CUST0879,5,8946.25,994.0277777777778,13,9,4398.0,249.0,0.0,1,Normal,0.20518071464494048
CUST0880,9,175503.4,8775.17,27,17,91998.0,192.0,0.1111111111111111,-1,Anomaly,-0.009083054084610409
CUST0881,10,63664.45,3536.913888888889,20,16,35099.1,261.25,0.0,1,Normal,0.07870765680505992
CUST0882,5,11928.7,994.0583333333334,13,12,2549.15,143.2,0.0,1,Normal,0.17949577149464763
CUST0883,2,6975.05,1743.7625,5,4,3998.0,379.05,0.5,1,Normal,0.13608767976836206
CUST0884,2,293.25,73.3125,4,4,1599.2,144.0,0.0,1,Normal,0.15455439652385278
CUST0885,6,42911.15,3901.0136363636366,17,10,31998.0,28.0,0.0,1,Normal,0.1594328492492289
CUST0886,6,6914.1,1152.3500000000001,7,5,2598.0,170.05,0.0,1,Normal,0.1919090037982319
CUST0887,3,6649.25,949.8928571428571,10,7,1899.05,399.0,0.0,1,Normal,0.2013496969828265
CUST0888,1,28716.0,7179.0,5,4,25598.4,639.2,1.0,-1,Anomaly,-0.025723911818325118
CUST0889,4,136452.55,27290.51,8,5,131097.15,179.1,0.0,-1,Anomaly,-0.050930544363943286
CUST0890,5,53790.75,6723.84375,10,8,28798.2,299.0,0.0,1,Normal,0.18235987500470957
CUST0891,4,4143.1,828.6200000000001,7,5,1798.0,349.0,0.25,1,Normal,0.1824297231986669
CUST0892,6,4183.4,697.2333333333332,8,5,1999.0,299.0,0.16666666666666666,1,Normal,0.17750636107320505
CUST0893,2,1718.05,859.025,2,2,1519.05,199.0,0.0,1,Normal,0.15688533394895415
CUST0894,2,2397.6,1198.8,3,2,1759.2,638.4,0.0,1,Normal,0.1637268524686621
CUST0895,2,34995.0,8748.75,5,4,15999.0,999.0,0.0,1,Normal,0.08344867562931813
CUST0896,6,15678.6,1306.55,19,11,3897.0,314.1,0.0,1,Normal,0.1823127768992993
CUST0897,3,98543.0,14077.57142857143,10,6,91998.0,28.0,0.0,1,Normal,0.03863002922448244
CUST0898,4,54781.75,7825.964285714285,8,7,35099.1,169.15,0.25,1,Normal,0.15963899197187542
CUST0899,5,20475.5,2275.0555555555557,10,9,15199.05,192.0,0.0,1,Normal,0.1995455346599596
CUST0900,6,69308.8,6300.8,19,11,35099.1,499.0,0.16666666666666666,1,Normal,0.14434298336966617
CUST0901,5,8485.05,942.7833333333333,12,9,2659.05,172.8,0.2,1,Normal,0.2012383842946891
CUST0902,4,67377.25,6737.725,16,10,38999.0,56.0,0.0,1,Normal,0.15205423284972747
CUST0903,6,22824.649999999998,1902.0541666666666,16,10,11699.1,199.0,0.0,1,Normal,0.19690242561669796
CUST0904,6,61183.55,5562.140909090909,18,11,43699.05,170.05,0.16666666666666666,1,Normal,0.16790554339584052
CUST0905,5,16025.2,1780.5777777777778,14,8,4498.2,28.0,0.2,1,Normal,0.1737727482087854
CUST0906,4,9472.25,1894.45,9,5,7122.15,189.05,0.5,1,Normal,0.1395457940584761
CUST0907,5,47639.75,5954.96875,13,8,35997.75,144.0,0.0,1,Normal,0.18789509433041757
CUST0908,8,82261.15,5141.321875,19,15,38999.0,364.8,0.0,1,Normal,0.11406282411705104
CUST0909,4,41240.100000000006,6873.350000000001,6,5,37049.05,179.0,0.25,1,Normal,0.14267905437487777
CUST0910,5,7316.0,1045.142857142857,10,7,1799.0,249.0,0.2,1,Normal,0.1997612176617246
CUST0911,1,6296.400000000001,3148.2000000000003,4,2,5397.3,899.1,0.0,1,Normal,0.10282547899355504
CUST0912,3,5583.400000000001,1116.68,10,5,4317.3,79.8,0.0,1,Normal,0.18997176520564024
CUST0913,9,12574.2,1047.8500000000001,15,11,4317.3,26.6,0.2222222222222222,1,Normal,0.13912133402778265
CUST0914,5,20925.800000000003,2615.7250000000004,11,8,15199.2,224.1,0.0,1,Normal,0.20246884495066808
CUST0915,4,55386.5,6154.055555555556,10,9,45999.0,25.2,0.0,1,Normal,0.14940941807845737
CUST0916,6,88414.7,9823.855555555556,11,8,41399.1,189.05,0.3333333333333333,1,Normal,0.12867275546406648
CUST0917,4,50538.4,7219.771428571429,10,6,38999.0,56.0,0.5,1,Normal,0.10370956158853434
CUST0918,9,33682.4,2105.15,24,16,18999.0,26.6,0.1111111111111111,1,Normal,0.06774838672628436
CUST0919,2,2596.0,865.3333333333334,4,3,1599.0,399.0,0.0,1,Normal,0.17648461830968082
CUST0920,5,66288.70000000001,6026.245454545456,17,10,43699.05,56.0,0.2,1,Normal,0.1478068553441001
CUST0921,4,17458.45,2182.30625,9,8,11049.15,169.15,0.0,1,Normal,0.2062376089728521
CUST0922,6,12476.949999999999,1247.695,13,9,2848.1,170.05,0.16666666666666666,1,Normal,0.2034268327005777
CUST0923,5,33714.1,3064.918181818182,17,10,15999.0,56.0,0.0,1,Normal,0.16571976731162696
CUST0924,5,32150.6,2922.781818181818,13,11,18999.0,56.0,0.0,1,Normal,0.16796847990990366
CUST0925,9,29146.1,1619.2277777777776,27,16,131097.15,331.55,0.3333333333333333,-1,Anomaly,-0.008955828901839769
CUST0926,3,13326.1,2665.2200000000003,9,4,4797.0,599.0,0.3333333333333333,1,Normal,0.15121286381484905
CUST0927,4,6667.95,1111.325,9,6,2089.05,364.8,0.0,1,Normal,0.20602926308403885
CUST0928,5,10464.0,1308.0,15,8,2598.0,28.0,0.2,1,Normal,0.18067628347691528
CUST0929,5,13143.65,1460.4055555555556,12,9,2699.1,378.1,0.2,1,Normal,0.19459678100798383
CUST0930,7,98371.7,8942.881818181819,16,11,45999.0,28.0,0.42857142857142855,1,Normal,0.0732715088160566
CUST0931,4,21205.199999999997,2120.5199999999995,15,10,17099.1,284.05,0.25,1,Normal,0.1803527656546246
CUST0932,10,42400.1,2019.0523809523809,30,16,15999.0,28.0,0.0,1,Normal,0.015047088291712751
CUST0933,8,103232.59999999999,6452.037499999999,24,13,35099.1,23.8,0.25,1,Normal,0.052895171522012396
CUST0934,4,112707.2,22541.44,9,5,91998.0,384.0,0.25,-1,Anomaly,-0.026461767416640858
CUST0935,4,52954.05,10590.810000000001,7,5,27198.3,1359.15,0.0,1,Normal,0.06917442840511567
CUST0936,5,9800.4,1088.9333333333334,10,9,2999.0,189.05,0.0,1,Normal,0.20739695416677922
CUST0937,3,3654.65,1218.2166666666667,4,3,3418.1,236.55,0.0,1,Normal,0.19417104361176152
CUST0938,4,5038.299999999999,719.7571428571428,7,7,1709.05,199.0,0.25,1,Normal,0.19102949752591425
CUST0939,7,33880.8,2606.2153846153847,19,13,18999.0,399.0,0.2857142857142857,1,Normal,0.1346465705688924
CUST0940,3,30010.5,5001.75,10,6,24698.1,567.15,0.0,1,Normal,0.15961075436559435
CUST0941,3,5048.4,841.4,7,6,1804.05,189.05,0.3333333333333333,1,Normal,0.17922367638152664
CUST0942,2,5680.45,1420.1125,6,4,2659.05,170.05,0.5,1,Normal,0.13650023423123303
CUST0943,9,12303.65,723.7441176470588,26,14,2999.0,79.8,0.4444444444444444,1,Normal,0.04964454033913268
CUST0944,4,8914.2,1485.7,11,6,3702.15,398.0,0.0,1,Normal,0.2039104580123013
CUST0945,4,36622.049999999996,7324.409999999999,9,4,35099.1,307.2,0.0,1,Normal,0.1479519818601951
CUST0946,7,31461.6,3495.733333333333,14,8,15999.0,378.1,0.0,1,Normal,0.18212733141749077
CUST0947,5,73652.85,8183.650000000001,10,9,45999.0,249.0,0.2,1,Normal,0.15405399893541388
CUST0948,4,5473.6,781.9428571428572,9,7,2399.2,279.2,0.25,1,Normal,0.1961529842445151
CUST0949,5,8369.1,1394.8500000000001,9,6,3798.1,26.6,0.4,1,Normal,0.14885250941782502
CUST0950,6,13044.35,931.7392857142858,16,14,1999.0,189.05,0.3333333333333333,1,Normal,0.14208754131392942
CUST0951,2,1299.0,649.5,2,2,43699.05,1299.0,0.0,1,Normal,0.05724181695147945
CUST0952,6,33273.8,3327.38,13,9,15199.05,275.0,0.0,1,Normal,0.19557408288107125
CUST0953,6,66163.6,4725.971428571429,19,12,37049.05,172.8,0.16666666666666666,1,Normal,0.1648521924295674
CUST0954,6,10035.6,1433.6571428571428,12,5,2022.75,594.15,0.0,1,Normal,0.1729821751255064
CUST0955,3,7079.2,1179.8666666666666,9,6,7977.15,199.0,0.0,1,Normal,0.2031977042015758
CUST0956,5,87913.3,14652.216666666667,9,6,82798.2,598.0,0.0,1,Normal,0.06055630351510932
CUST0957,5,7445.2,827.2444444444444,11,9,1999.0,53.2,0.2,1,Normal,0.18181769359887962
CUST0958,4,8319.449999999999,1663.8899999999999,10,5,4797.0,161.1,0.0,1,Normal,0.20534256792258493
CUST0959,4,2288.5,572.125,5,4,998.0,182.4,0.0,1,Normal,0.1764852357324337
CUST0960,5,59057.6,9842.933333333332,9,5,41399.1,483.3,0.2,1,Normal,0.12626013585117757
CUST0961,4,8532.1,1066.5125,8,6,2499.0,349.0,0.0,1,Normal,0.20570619091331177
CUST0962,5,97782.35,8148.529166666667,18,12,45999.0,331.55,0.2,1,Normal,0.11967675398092148
CUST0963,5,20510.6,1367.3733333333332,20,14,5398.2,161.1,0.4,1,Normal,0.11506118435890156
CUST0964,5,26399.399999999998,3299.9249999999997,12,8,12349.05,170.05,0.2,1,Normal,0.19339246795927323
CUST0965,10,162257.6,9544.564705882352,20,15,91998.0,170.05,0.2,-1,Anomaly,-0.015895060838367003
CUST0966,5,11224.5,1403.0625,11,8,2089.05,189.05,0.0,1,Normal,0.21292740742921634
CUST0967,7,61023.99999999999,3589.647058823529,26,16,42747.75,211.65,0.14285714285714285,1,Normal,0.10912577626795178
CUST0968,5,116423.55,7761.570000000001,21,15,87398.1,75.6,0.0,1,Normal,0.04371709900169052
CUST0969,7,43849.75,3654.1458333333335,16,11,18049.05,199.0,0.2857142857142857,1,Normal,0.15764569972376696
CUST0970,4,135267.45,16908.43125,13,8,91998.0,699.0,0.25,-1,Anomaly,-0.0072856809464897365
CUST0971,7,37798.25,2699.875,20,13,18999.0,499.0,0.14285714285714285,1,Normal,0.14004771313519787
CUST0972,1,14625.0,4875.0,4,3,12999.0,28.0,0.0,1,Normal,0.07972364337616045
CUST0973,8,136170.55,9726.467857142856,24,14,116997.0,28.0,0.0,-1,Anomaly,-0.016930211506430037
CUST0974,4,111447.65,18574.608333333334,9,6,68998.5,374.25,0.0,1,Normal,0.03661170989353357
CUST0975,6,136232.65,11352.720833333333,18,12,116997.0,378.1,0.16666666666666666,1,Normal,0.02446608216093793
CUST0976,4,6345.05,1269.01,5,5,2849.05,199.0,0.0,1,Normal,0.19958465217986837
CUST0977,3,24691.0,3527.285714285714,9,7,12999.0,599.0,0.0,1,Normal,0.1773139363849735
CUST0978,3,134493.4,26898.68,7,4,131097.15,359.1,0.0,-1,Anomaly,-0.06987230904911201
CUST0979,2,112665.25,18777.541666666668,13,5,111147.15,378.1,0.0,-1,Anomaly,-0.02666163697411017
CUST0980,3,8304.25,1660.85,9,5,5698.1,568.1,0.0,1,Normal,0.1920126710426216
CUST0981,9,16077.800000000001,1461.618181818182,15,11,6747.3,269.1,0.2222222222222222,1,Normal,0.16198612250035715
CUST0982,3,7412.6,926.575,9,8,38999.0,269.1,0.0,1,Normal,0.1638143369025723
CUST0983,1,22896.0,5724.0,4,4,18999.0,999.0,0.0,1,Normal,0.08893492255539442
CUST0984,7,16612.95,1510.2681818181818,14,11,35099.1,172.8,0.0,1,Normal,0.15992715002670554
CUST0985,4,11511.2,1918.5333333333335,9,6,4497.0,199.0,0.25,1,Normal,0.1941017110034713
CUST0986,7,91045.45,10116.16111111111,11,8,82798.2,499.0,0.14285714285714285,1,Normal,0.08814143885936915
CUST0987,3,90503.65000000001,22625.912500000002,8,4,51297.3,349.0,0.0,1,Normal,0.010128523670565936
CUST0988,3,24164.7,3452.1,11,7,22098.3,179.1,0.0,1,Normal,0.18988187713667326
CUST0989,8,42252.4,3521.0333333333333,16,12,15999.0,224.1,0.125,1,Normal,0.1521209271462604
CUST0990,6,8440.5,844.05,12,10,1999.0,189.05,0.16666666666666666,1,Normal,0.19847946355848756
CUST0991,6,21018.65,2335.4055555555556,12,8,12999.0,474.05,0.16666666666666666,1,Normal,0.17571546148164174
CUST0992,8,64473.75,4959.5192307692305,21,11,45999.0,249.0,0.125,1,Normal,0.14368100131375705
CUST0993,4,6580.35,940.0500000000001,9,6,2699.1,28.0,0.0,1,Normal,0.18599310947890524
CUST0994,1,378.1,378.1,2,1,378.1,378.1,0.0,1,Normal,0.1059015784494734
CUST0995,3,17166.75,2452.3928571428573,11,7,11999.25,374.25,0.0,1,Normal,0.2020290569176777
CUST0996,7,28566.65,1904.4433333333334,20,13,12999.0,182.4,0.0,1,Normal,0.16059647723093762
CUST0997,5,25959.3,2359.9363636363637,13,11,14399.1,349.0,0.2,1,Normal,0.1749393246812856
CUST0998,8,63169.9,3158.495,29,18,37998.0,28.0,0.125,1,Normal,0.04913947527582574
CUST0999,6,243074.15,22097.649999999998,16,10,77998.0,199.0,0.3333333333333333,-1,Anomaly,-0.07049712224857452
CUST1000,9,220318.6,16947.584615384614,23,12,137997.0,599.0,0.2222222222222222,-1,Anomaly,-0.0927456229791016
